user_genome	classification	fastani_reference	fastani_reference_radius	fastani_taxonomy	fastani_ani	fastani_af	closest_placement_reference	closest_placement_taxonomy	closest_placement_ani	closest_placement_af	pplacer_taxonomy	classification_method	note	other_related_references(genome_id,species_name,radius,ANI,AF)	aa_percent	translation_table	red_value	warnings
bin_037-contigs	d__Bacteria;p__Chloroflexota;c__Dehalococcoidia;o__UBA2991;f__UBA2991;g__G233;s__G233 sp003104995	GCA_003104995.1	95.0	d__Bacteria;p__Chloroflexota;c__Dehalococcoidia;o__UBA2991;f__UBA2991;g__G233;s__G233 sp003104995	98.84	0.79	GCA_003104995.1	d__Bacteria;p__Chloroflexota;c__Dehalococcoidia;o__UBA2991;f__UBA2991;g__G233;s__G233 sp003104995	98.84	0.79	d__Bacteria;p__Chloroflexota;c__Dehalococcoidia;o__UBA2991;f__UBA2991;g__G233;s__	ANI/Placement	topological placement and ANI have congruent species assignments	GCF_002563855.1, s__G233 sp002563855, 95.0, 78.42, 0.31	86.53	11	N/A	N/A
bin_001_Chloroflexi-contigs	d__Bacteria;p__Chloroflexota;c__Anaerolineae;o__Anaerolineales;f__envOPS12;g__UBA7227;s__UBA7227 sp002473085	GCA_002473085.1	95.0	d__Bacteria;p__Chloroflexota;c__Anaerolineae;o__Anaerolineales;f__envOPS12;g__UBA7227;s__UBA7227 sp002473085	98.26	0.93	GCA_002473085.1	d__Bacteria;p__Chloroflexota;c__Anaerolineae;o__Anaerolineales;f__envOPS12;g__UBA7227;s__UBA7227 sp002473085	98.26	0.93	d__Bacteria;p__Chloroflexota;c__Anaerolineae;o__Anaerolineales;f__envOPS12;g__;s__	ANI/Placement	topological placement and ANI have congruent species assignments	N/A	94.03	11	N/A	N/A
bin_086_Bacteroidetes-contigs	d__Bacteria;p__Bacteroidota;c__Bacteroidia;o__Chitinophagales;f__Chitinophagaceae;g__Ferruginibacter;s__Ferruginibacter sp001898465	GCA_001898465.1	95.0	d__Bacteria;p__Bacteroidota;c__Bacteroidia;o__Chitinophagales;f__Chitinophagaceae;g__Ferruginibacter;s__Ferruginibacter sp001898465	99.41	0.97	GCA_001898465.1	d__Bacteria;p__Bacteroidota;c__Bacteroidia;o__Chitinophagales;f__Chitinophagaceae;g__Ferruginibacter;s__Ferruginibacter sp001898465	99.41	0.97	d__Bacteria;p__Bacteroidota;c__Bacteroidia;o__Chitinophagales;f__Chitinophagaceae;g__Ferruginibacter;s__	ANI/Placement	topological placement and ANI have congruent species assignments	GCA_002381005.1, s__Ferruginibacter sp002381005, 95.0, 76.76, 0.21	97.44	11	N/A	N/A
bin_056_Proteobacteria-contigs	d__Bacteria;p__Proteobacteria;c__Gammaproteobacteria;o__Burkholderiales;f__Burkholderiaceae;g__Comamonas_B;s__Comamonas_B testosteroni_B	GCF_000739375.1	95.0	d__Bacteria;p__Proteobacteria;c__Gammaproteobacteria;o__Burkholderiales;f__Burkholderiaceae;g__Comamonas_B;s__Comamonas_B testosteroni_B	99.03	0.94	GCF_000739375.1	d__Bacteria;p__Proteobacteria;c__Gammaproteobacteria;o__Burkholderiales;f__Burkholderiaceae;g__Comamonas_B;s__Comamonas_B testosteroni_B	99.03	0.94	d__Bacteria;p__Proteobacteria;c__Gammaproteobacteria;o__Burkholderiales;f__Burkholderiaceae;g__Comamonas_B;s__	ANI/Placement	topological placement and ANI have congruent species assignments	GCF_000241525.1, s__Comamonas_B testosteroni, 95.0, 93.09, 0.84; GCF_000761245.1, s__Comamonas_B testosteroni_C, 95.0, 92.84, 0.86; GCF_000964545.1, s__Comamonas_B thiooxydans, 95.0, 92.48, 0.84; GCF_002754475.1, s__Comamonas_B sp002754475, 95.0, 84.67, 0.71; GCF_001544075.1, s__Comamonas_B terrae, 95.0, 84.21, 0.65	92.88	11	N/A	N/A
bin_036_Proteobacteria-contigs	d__Bacteria;p__Proteobacteria;c__Gammaproteobacteria;o__Burkholderiales;f__Burkholderiaceae;g__Hydrogenophaga;s__Hydrogenophaga sp001777155	GCF_001777155.1	95.0	d__Bacteria;p__Proteobacteria;c__Gammaproteobacteria;o__Burkholderiales;f__Burkholderiaceae;g__Hydrogenophaga;s__Hydrogenophaga sp001777155	99.11	0.92	GCF_001777155.1	d__Bacteria;p__Proteobacteria;c__Gammaproteobacteria;o__Burkholderiales;f__Burkholderiaceae;g__Hydrogenophaga;s__Hydrogenophaga sp001777155	99.11	0.92	d__Bacteria;p__Proteobacteria;c__Gammaproteobacteria;o__Burkholderiales;f__Burkholderiaceae;g__Hydrogenophaga;s__	ANI/Placement	topological placement and ANI have congruent species assignments	GCF_000723405.1, s__Hydrogenophaga intermedia, 95.0, 89.9, 0.76; GCF_002127215.1, s__Hydrogenophaga sp002127215, 95.0, 84.0, 0.69; GCF_001571225.1, s__Hydrogenophaga palleronii, 95.0, 83.47, 0.58; GCF_001713375.1, s__Hydrogenophaga sp001713375, 95.0, 82.92, 0.57; GCF_001592285.1, s__Hydrogenophaga pseudoflava, 95.0, 82.8, 0.55; GCF_001428625.1, s__Hydrogenophaga sp001428625, 95.0, 82.69, 0.58; GCA_003241965.1, s__Hydrogenophaga sp003241965, 95.0, 82.61, 0.54; GCF_001571145.1, s__Hydrogenophaga flava, 95.0, 82.55, 0.54; GCA_001770905.1, s__Hydrogenophaga sp001770905, 95.0, 82.51, 0.55; GCF_001592305.1, s__Hydrogenophaga taeniospiralis, 95.0, 82.34, 0.57; GCF_002127265.1, s__Hydrogenophaga sp002127265, 95.0, 82.21, 0.57; GCA_003509765.1, s__Hydrogenophaga sp003509765, 95.0, 82.08, 0.52; GCA_002842215.1, s__Hydrogenophaga sp002842215, 95.0, 82.08, 0.54; GCF_002001205.1, s__Hydrogenophaga sp002001205, 95.0, 81.64, 0.52; GCA_002840835.1, s__Hydrogenophaga sp002840835, 95.0, 80.75, 0.47; GCF_001761385.1, s__Hydrogenophaga crassostreae, 95.0, 78.94, 0.33	93.04	11	N/A	N/A
bin_006_Proteobacteria-contigs	d__Bacteria;p__Proteobacteria;c__Gammaproteobacteria;o__Burkholderiales;f__Rhodocyclaceae;g__UTPRO2;s__UTPRO2 sp002840845	GCA_002840845.1	95.0	d__Bacteria;p__Proteobacteria;c__Gammaproteobacteria;o__Burkholderiales;f__Rhodocyclaceae;g__UTPRO2;s__UTPRO2 sp002840845	96.5	0.8	GCA_002840845.1	d__Bacteria;p__Proteobacteria;c__Gammaproteobacteria;o__Burkholderiales;f__Rhodocyclaceae;g__UTPRO2;s__UTPRO2 sp002840845	96.5	0.8	d__Bacteria;p__Proteobacteria;c__Gammaproteobacteria;o__Burkholderiales;f__Rhodocyclaceae;g__UTPRO2;s__	ANI/Placement	topological placement and ANI have congruent species assignments	GCA_003105015.1, s__UTPRO2 sp003105015, 95.0, 85.26, 0.73; GCA_002066955.1, s__UTPRO2 sp002066955, 95.0, 83.63, 0.75	93.61	11	N/A	N/A
bin_062_Proteobacteria-contigs	d__Bacteria;p__Proteobacteria;c__Alphaproteobacteria;o__Rhizobiales;f__Rhizobiaceae;g__Ochrobactrum;s__Ochrobactrum anthropi	GCF_000017405.1	95.67	d__Bacteria;p__Proteobacteria;c__Alphaproteobacteria;o__Rhizobiales;f__Rhizobiaceae;g__Ochrobactrum;s__Ochrobactrum anthropi	97.34	0.85	GCF_001876955.1	d__Bacteria;p__Proteobacteria;c__Alphaproteobacteria;o__Rhizobiales;f__Rhizobiaceae;g__Ochrobactrum;s__Ochrobactrum cytisi	95.65	0.84	d__Bacteria;p__Proteobacteria;c__Alphaproteobacteria;o__Rhizobiales;f__Rhizobiaceae;g__Ochrobactrum;s__	ANI	topological placement and ANI have incongruent species assignments	GCF_001575075.1, s__Ochrobactrum anthropi_A, 95.0, 91.8, 0.81; GCF_003176975.1, s__Ochrobactrum sp003176975, 95.0, 90.65, 0.78; GCF_002943495.1, s__Ochrobactrum oryzae, 95.0, 89.49, 0.77; GCF_002975205.1, s__Ochrobactrum sp002975205, 95.0, 88.33, 0.81; GCF_000182645.1, s__Ochrobactrum intermedium, 95.0, 88.0, 0.77; GCA_900470195.1, s__Ochrobactrum sp900470195, 95.0, 87.67, 0.74; GCA_900473915.1, s__Ochrobactrum sp900473915, 95.0, 87.56, 0.77; GCA_900465965.1, s__Ochrobactrum sp900465965, 95.0, 87.29, 0.77	97.84	11	N/A	N/A
bin_083-contigs	d__Bacteria;p__Proteobacteria;c__Alphaproteobacteria;o__Rhizobiales;f__Xanthobacteraceae;g__FEB-22;s__FEB-22 sp003105195	GCA_003105195.1	95.0	d__Bacteria;p__Proteobacteria;c__Alphaproteobacteria;o__Rhizobiales;f__Xanthobacteraceae;g__FEB-22;s__FEB-22 sp003105195	97.73	0.72	GCA_003105195.1	d__Bacteria;p__Proteobacteria;c__Alphaproteobacteria;o__Rhizobiales;f__Xanthobacteraceae;g__FEB-22;s__FEB-22 sp003105195	97.73	0.72	d__Bacteria;p__Proteobacteria;c__Alphaproteobacteria;o__Rhizobiales;f__Xanthobacteraceae;g__;s__	ANI/Placement	topological placement and ANI have congruent species assignments	N/A	77.36	11	N/A	Genome has more than 19.2% of markers with multiple hits
bin_009_Firmicutes-contigs	d__Bacteria;p__Firmicutes_B;c__Thermincolia;o__Thermincolales;f__UBA2595;g__;s__	N/A	N/A	N/A	N/A	N/A	N/A	N/A	N/A	N/A	d__Bacteria;p__Firmicutes_B;c__Thermincolia;o__Thermincolales;f__UBA2595;g__;s__	Placement	taxonomic classification fully defined by topology	N/A	95.32	11	0.8158498857892987	N/A
bin_066_Actinobacteria-contigs	d__Bacteria;p__Actinobacteriota;c__Actinobacteria;o__Actinomycetales;f__Microbacteriaceae;g__Cryobacterium_A;s__	N/A	N/A	N/A	N/A	N/A	GCF_002929725.1	d__Bacteria;p__Actinobacteriota;c__Actinobacteria;o__Actinomycetales;f__Microbacteriaceae;g__Cryobacterium_A;s__Cryobacterium_A mesophilum	80.37	0.48	d__Bacteria;p__Actinobacteriota;c__Actinobacteria;o__Actinomycetales;f__Microbacteriaceae;g__Cryobacterium_A;s__	Placement	taxonomic classification fully defined by topology	N/A	86.87	11	0.9766583515403139	N/A
bin_017-contigs	d__Bacteria;p__Actinobacteriota;c__Actinobacteria;o__Actinomycetales;f__Microbacteriaceae;g__Leucobacter;s__	N/A	N/A	N/A	N/A	N/A	GCA_002336855.1	d__Bacteria;p__Actinobacteriota;c__Actinobacteria;o__Actinomycetales;f__Microbacteriaceae;g__Leucobacter;s__Leucobacter sp002336855	79.45	0.38	d__Bacteria;p__Actinobacteriota;c__Actinobacteria;o__Actinomycetales;f__Microbacteriaceae;g__Leucobacter;s__	Placement	taxonomic classification fully defined by topology	GCF_000421845.1, s__Leucobacter chironomi, 95.0, 81.69, 0.52; GCF_000349545.1, s__Leucobacter sp000349545, 95.0, 81.59, 0.53; GCF_001273835.1, s__Leucobacter celer, 95.0, 81.36, 0.51; GCF_002752355.1, s__Leucobacter sp002752355, 95.0, 81.19, 0.5; GCF_000980875.1, s__Leucobacter sp000980875, 95.0, 81.0, 0.47; GCF_002982315.1, s__Leucobacter massiliensis, 95.0, 80.87, 0.43; GCF_900102345.1, s__Leucobacter chromiiresistens, 95.0, 80.74, 0.46; GCF_000633415.1, s__Leucobacter sp000633415, 95.0, 80.62, 0.47; GCF_001477055.1, s__Leucobacter chromiiresistens_A, 95.0, 80.42, 0.42; GCF_001373475.1, s__Leucobacter sp001373475, 95.0, 79.5, 0.37; GCF_001273845.1, s__Leucobacter musarum, 95.0, 79.5, 0.37; GCF_001482305.1, s__Leucobacter sp001482305, 95.0, 79.29, 0.31; GCF_000350525.1, s__Leucobacter salsicius, 95.0, 79.08, 0.34; GCF_000834055.1, s__Leucobacter komagatae, 95.0, 78.88, 0.31; GCF_900163635.1, s__Leucobacter sp900163635, 95.0, 78.63, 0.32	77.14	11	0.9703216425540946	N/A
bin_079-contigs	d__Bacteria;p__Actinobacteriota;c__Actinobacteria;o__Propionibacteriales;f__Nocardioidaceae;g__Nocardioides;s__	N/A	N/A	N/A	N/A	N/A	GCF_000015265.1	d__Bacteria;p__Actinobacteriota;c__Actinobacteria;o__Propionibacteriales;f__Nocardioidaceae;g__Nocardioides;s__Nocardioides sp000015265	90.77	0.8	d__Bacteria;p__Actinobacteriota;c__Actinobacteria;o__Propionibacteriales;f__Nocardioidaceae;g__Nocardioides;s__	Placement	taxonomic classification fully defined by topology	GCF_002117935.1, s__Nocardioides sp002117935, 95.0, 82.97, 0.65; GCF_000620645.1, s__Nocardioides sp000620645, 95.0, 82.95, 0.6; GCF_001425175.1, s__Nocardioides sp001425175, 95.0, 82.37, 0.61; GCF_000620705.1, s__Nocardioides sp000620705, 95.0, 81.79, 0.57; GCF_900103935.1, s__Nocardioides szechwanensis, 95.0, 80.77, 0.53; GCF_900101465.1, s__Nocardioides lianchengensis, 95.0, 80.76, 0.57; GCF_001653335.1, s__Nocardioides dokdonensis, 95.0, 80.64, 0.55; GCF_000422805.1, s__Nocardioides halotolerans, 95.0, 80.63, 0.53; GCF_003047265.1, s__Nocardioides terrigena, 95.0, 80.35, 0.48; GCF_001426745.1, s__Nocardioides sp001426745, 95.0, 80.14, 0.46; GCF_003160695.1, s__Nocardioides sp003160695, 95.0, 80.14, 0.5; GCF_900113685.1, s__Nocardioides psychrotolerans, 95.0, 80.09, 0.54; GCA_002693615.1, s__Nocardioides sp002693615, 95.0, 80.02, 0.36; GCA_001627335.1, s__Nocardioides sp001627335, 95.0, 79.99, 0.45; GCF_001423135.1, s__Nocardioides sp001423135, 95.0, 79.98, 0.51; GCA_002729525.1, s__Nocardioides sp002729525, 95.0, 79.71, 0.5; GCF_003047285.1, s__Nocardioides allogilvus, 95.0, 79.63, 0.43; GCF_003047295.1, s__Nocardioides sediminis, 95.0, 79.61, 0.47; GCA_003076135.1, s__Nocardioides sp003076135, 95.0, 79.59, 0.46; GCF_001428125.1, s__Nocardioides sp001428125, 95.0, 79.58, 0.47; GCF_900112345.1, s__Nocardioides terrae, 95.0, 79.54, 0.43; GCF_003057875.1, s__Nocardioides sp003057875, 95.0, 79.54, 0.5; GCF_001429625.1, s__Nocardioides sp001429625, 95.0, 79.53, 0.48; GCA_002698575.1, s__Nocardioides sp002698575, 95.0, 79.5, 0.43; GCF_003121585.1, s__Nocardioides sp003121585, 95.0, 79.5, 0.45; GCA_000745515.1, s__Nocardioides sp000745515, 95.0, 79.43, 0.49; GCF_900112035.1, s__Nocardioides alpinus, 95.0, 79.41, 0.44; GCF_900105585.1, s__Nocardioides exalbidus, 95.0, 79.4, 0.48; GCF_003194625.1, s__Nocardioides solisilvae, 95.0, 79.4, 0.43; GCF_001425025.1, s__Nocardioides sp001425025, 95.0, 79.38, 0.48; GCF_001552535.1, s__Nocardioides jensenii, 95.0, 79.34, 0.43; GCF_000519005.1, s__Nocardioides sp000519005, 95.0, 79.32, 0.49; GCF_003054165.1, s__Nocardioides sp003054165, 95.0, 79.32, 0.47; GCA_001429555.1, s__Nocardioides sp001429555, 95.0, 79.31, 0.41; GCF_002865585.1, s__Nocardioides sp002865585, 95.0, 79.3, 0.4; GCF_900114845.1, s__Nocardioides simplex, 95.0, 79.24, 0.52; GCF_001428825.1, s__Nocardioides sp001428825, 95.0, 79.15, 0.49; GCF_001428565.1, s__Nocardioides sp001428565, 95.0, 79.0, 0.45; GCF_001427795.1, s__Nocardioides sp001427795, 95.0, 78.87, 0.22; GCF_000426525.1, s__Nocardioides alkalitolerans, 95.0, 78.69, 0.42; GCF_000422825.1, s__Nocardioides insulae, 95.0, 78.68, 0.36; GCF_000364605.1, s__Nocardioides sp000364605, 95.0, 78.67, 0.41; GCA_000192415.1, s__Nocardioides sp000192415, 95.0, 78.63, 0.2; GCF_000960475.2, s__Nocardioides luteus, 95.0, 78.6, 0.21; GCF_003194585.1, s__Nocardioides daejeonensis, 95.0, 78.54, 0.36; GCF_003053885.1, s__Nocardioides sp003053885, 95.0, 78.38, 0.32; GCF_003194605.1, s__Nocardioides gilvus, 95.0, 77.99, 0.3	70.89	11	0.9849009252784041	Genome has more than 20.0% of markers with multiple hits
bin_082-contigs	d__Bacteria;p__Actinobacteriota;c__Actinobacteria;o__Propionibacteriales;f__Nocardioidaceae;g__;s__	N/A	N/A	N/A	N/A	N/A	N/A	N/A	N/A	N/A	d__Bacteria;p__Actinobacteriota;c__Actinobacteria;o__Propionibacteriales;f__Nocardioidaceae;g__;s__	Placement	taxonomic novelty determined using RED	N/A	80.32	11	0.8532828634828922	Genome has more than 25.0% of markers with multiple hits
bin_100-contigs	d__Bacteria;p__Actinobacteriota;c__Actinobacteria;o__Propionibacteriales;f__Propionibacteriaceae;g__Raineyella;s__	N/A	N/A	N/A	N/A	N/A	N/A	N/A	N/A	N/A	d__Bacteria;p__Actinobacteriota;c__Actinobacteria;o__Propionibacteriales;f__Propionibacteriaceae;g__;s__	Placement	taxonomic novelty determined using RED	N/A	38.15	11	0.9328036051127658	Genome has more than 18.3% of markers with multiple hits
bin_064_Actinobacteria-contigs	d__Bacteria;p__Actinobacteriota;c__Acidimicrobiia;o__Microtrichales;f__Microtrichaceae;g__;s__	N/A	N/A	N/A	N/A	N/A	N/A	N/A	N/A	N/A	d__Bacteria;p__Actinobacteriota;c__Acidimicrobiia;o__Microtrichales;f__Microtrichaceae;g__;s__	Placement	taxonomic novelty determined using RED	N/A	91.71	11	0.8482223121982971	N/A
bin_107-contigs	d__Bacteria;p__Actinobacteriota;c__Acidimicrobiia;o__IMCC26256;f__IMCC26256;g__;s__	N/A	N/A	N/A	N/A	N/A	N/A	N/A	N/A	N/A	d__Bacteria;p__Actinobacteriota;c__Acidimicrobiia;o__IMCC26256;f__;g__;s__	Placement	taxonomic novelty determined using RED	N/A	43.13	11	0.7589259306453623	N/A
bin_084_Actinobacteria-contigs	d__Bacteria;p__Actinobacteriota;c__Thermoleophilia;o__Solirubrobacterales;f__Solirubrobacteraceae;g__;s__	N/A	N/A	N/A	N/A	N/A	N/A	N/A	N/A	N/A	d__Bacteria;p__Actinobacteriota;c__Thermoleophilia;o__Solirubrobacterales;f__Solirubrobacteraceae;g__;s__	Placement	taxonomic classification fully defined by topology	N/A	83.57	11	0.8019415004436556	N/A
bin_096_Actinobacteria-contigs	d__Bacteria;p__Actinobacteriota;c__Thermoleophilia;o__Solirubrobacterales;f__70-9;g__67-14;s__	N/A	N/A	N/A	N/A	N/A	GCA_001897355.1	d__Bacteria;p__Actinobacteriota;c__Thermoleophilia;o__Solirubrobacterales;f__70-9;g__67-14;s__67-14 sp001897355	79.46	0.54	d__Bacteria;p__Actinobacteriota;c__Thermoleophilia;o__Solirubrobacterales;f__70-9;g__;s__	Placement	taxonomic novelty determined using RED	N/A	83.75	11	0.9054437168619636	N/A
bin_063-contigs	d__Bacteria;p__Actinobacteriota;c__Thermoleophilia;o__Ga0077560;f__Ga0077560;g__Ga0077541;s__	N/A	N/A	N/A	N/A	N/A	GCA_001464995.1	d__Bacteria;p__Actinobacteriota;c__Thermoleophilia;o__Ga0077560;f__Ga0077560;g__Ga0077541;s__Ga0077541 sp001464995	83.41	0.6	d__Bacteria;p__Actinobacteriota;c__Thermoleophilia;o__Ga0077560;f__Ga0077560;g__;s__	Placement	taxonomic novelty determined using RED	N/A	93.13	11	0.9289088024770954	Genome has more than 38.3% of markers with multiple hits
bin_051-contigs	d__Bacteria;p__Actinobacteriota;c__Thermoleophilia;o__20CM-4-69-9;f__;g__;s__	N/A	N/A	N/A	N/A	N/A	N/A	N/A	N/A	N/A	d__Bacteria;p__Actinobacteriota;c__Thermoleophilia;o__;f__;g__;s__	Placement	taxonomic novelty determined using RED	N/A	91.67	11	0.697729469314416	Genome has more than 26.7% of markers with multiple hits
bin_022_Armatimonadetes-contigs	d__Bacteria;p__Armatimonadota;c__Fimbriimonadia;o__Fimbriimonadales;f__Fimbriimonadaceae;g__;s__	N/A	N/A	N/A	N/A	N/A	N/A	N/A	N/A	N/A	d__Bacteria;p__Armatimonadota;c__Fimbriimonadia;o__Fimbriimonadales;f__Fimbriimonadaceae;g__;s__	Placement	taxonomic classification fully defined by topology	N/A	90.87	11	0.8296604233532647	N/A
bin_081-contigs	d__Bacteria;p__Chloroflexota;c__Anaerolineae;o__Anaerolineales;f__Anaerolineaceae;g__;s__	N/A	N/A	N/A	N/A	N/A	N/A	N/A	N/A	N/A	d__Bacteria;p__Chloroflexota;c__Anaerolineae;o__Anaerolineales;f__Anaerolineaceae;g__;s__	Placement	taxonomic novelty determined using RED	N/A	79.01	11	0.8449071170327087	Genome has more than 28.3% of markers with multiple hits
bin_065-contigs	d__Bacteria;p__Chloroflexota;c__Anaerolineae;o__Anaerolineales;f__Anaerolineaceae;g__;s__	N/A	N/A	N/A	N/A	N/A	N/A	N/A	N/A	N/A	d__Bacteria;p__Chloroflexota;c__Anaerolineae;o__Anaerolineales;f__Anaerolineaceae;g__;s__	Placement	taxonomic classification fully defined by topology	N/A	77.5	11	0.8131495681259523	Genome has more than 23.3% of markers with multiple hits
bin_005_Chloroflexi-contigs	d__Bacteria;p__Chloroflexota;c__Anaerolineae;o__Anaerolineales;f__envOPS12;g__OLB14;s__	N/A	N/A	N/A	N/A	N/A	N/A	N/A	N/A	N/A	d__Bacteria;p__Chloroflexota;c__Anaerolineae;o__Anaerolineales;f__envOPS12;g__;s__	Placement	taxonomic novelty determined using RED	N/A	93.77	11	0.944422878719193	N/A
bin_031_Chloroflexi-contigs	d__Bacteria;p__Chloroflexota;c__Anaerolineae;o__SBR1031;f__A4b;g__OLB15;s__	N/A	N/A	N/A	N/A	N/A	N/A	N/A	N/A	N/A	d__Bacteria;p__Chloroflexota;c__Anaerolineae;o__SBR1031;f__A4b;g__;s__	Placement	taxonomic novelty determined using RED	N/A	96.35	11	0.8922144552399438	N/A
bin_041_Chloroflexi-contigs	d__Bacteria;p__Chloroflexota;c__Anaerolineae;o__SBR1031;f__A4b;g__ZC4RG36;s__	N/A	N/A	N/A	N/A	N/A	GCA_003242205.1	d__Bacteria;p__Chloroflexota;c__Anaerolineae;o__SBR1031;f__A4b;g__ZC4RG36;s__ZC4RG36 sp003242205	79.77	0.57	d__Bacteria;p__Chloroflexota;c__Anaerolineae;o__SBR1031;f__A4b;g__;s__	Placement	taxonomic novelty determined using RED	N/A	90.32	11	0.9495583050773493	N/A
bin_026_Chloroflexi-contigs	d__Bacteria;p__Chloroflexota;c__Anaerolineae;o__Promineofilales;f__Promineofilaceae;g__Promineofilum;s__	N/A	N/A	N/A	N/A	N/A	GCF_900066015.1	d__Bacteria;p__Chloroflexota;c__Anaerolineae;o__Promineofilales;f__Promineofilaceae;g__Promineofilum;s__Promineofilum breve	79.85	0.57	d__Bacteria;p__Chloroflexota;c__Anaerolineae;o__Promineofilales;f__Promineofilaceae;g__;s__	Placement	taxonomic novelty determined using RED	N/A	95.85	11	0.9309406339581765	N/A
bin_098-contigs	d__Bacteria;p__Chloroflexota;c__Anaerolineae;o__Promineofilales;f__;g__;s__	N/A	N/A	N/A	N/A	N/A	N/A	N/A	N/A	N/A	d__Bacteria;p__Chloroflexota;c__Anaerolineae;o__Promineofilales;f__;g__;s__	Placement	taxonomic novelty determined using RED	N/A	21.79	11	0.7221905877492343	N/A
bin_091-contigs	d__Bacteria;p__Chloroflexota;c__Anaerolineae;o__Caldilineales;f__Caldilineaceae;g__Caldilinea;s__	N/A	N/A	N/A	N/A	N/A	N/A	N/A	N/A	N/A	d__Bacteria;p__Chloroflexota;c__Anaerolineae;o__Caldilineales;f__Caldilineaceae;g__Caldilinea;s__	Placement	taxonomic classification fully defined by topology	GCA_003451595.1, s__Caldilinea sp003451595, 95.0, 78.27, 0.21	75.75	11	0.9547676414785686	Genome has more than 23.3% of markers with multiple hits
bin_094-contigs	d__Bacteria;p__Chloroflexota;c__Anaerolineae;o__Caldilineales;f__Caldilineaceae;g__;s__	N/A	N/A	N/A	N/A	N/A	N/A	N/A	N/A	N/A	d__Bacteria;p__Chloroflexota;c__Anaerolineae;o__Caldilineales;f__Caldilineaceae;g__;s__	Placement	taxonomic novelty determined using RED	N/A	74.07	11	0.8424489318273906	Genome has more than 10.0% of markers with multiple hits
bin_042_Chloroflexi-contigs	d__Bacteria;p__Chloroflexota;c__Chloroflexia;o__Thermomicrobiales;f__;g__;s__	N/A	N/A	N/A	N/A	N/A	N/A	N/A	N/A	N/A	d__Bacteria;p__Chloroflexota;c__Chloroflexia;o__Thermomicrobiales;f__;g__;s__	Placement	taxonomic novelty determined using RED	N/A	88.23	11	0.6628841320204371	N/A
bin_035-contigs	d__Bacteria;p__Chloroflexota;c__Chloroflexia;o__Thermomicrobiales;f__UBA6265;g__;s__	N/A	N/A	N/A	N/A	N/A	N/A	N/A	N/A	N/A	d__Bacteria;p__Chloroflexota;c__Chloroflexia;o__Thermomicrobiales;f__;g__;s__	Placement	taxonomic novelty determined using RED	N/A	96.31	11	0.7173779795763282	N/A
bin_106-contigs	d__Bacteria;p__Chloroflexota;c__Chloroflexia;o__Thermomicrobiales;f__UBA6265;g__;s__	N/A	N/A	N/A	N/A	N/A	N/A	N/A	N/A	N/A	d__Bacteria;p__Chloroflexota;c__Chloroflexia;o__Thermomicrobiales;f__;g__;s__	Placement	taxonomic novelty determined using RED	N/A	50.36	11	0.7102781475870039	N/A
bin_039_Chloroflexi-contigs	d__Bacteria;p__Chloroflexota_A;c__Ellin6529;o__CSP1-4;f__CSP1-4;g__Palsa-1032;s__	N/A	N/A	N/A	N/A	N/A	N/A	N/A	N/A	N/A	d__Bacteria;p__Chloroflexota_A;c__Ellin6529;o__CSP1-4;f__CSP1-4;g__;s__	Placement	taxonomic novelty determined using RED	N/A	83.47	11	0.8774637708951614	N/A
bin_111-contigs	d__Bacteria;p__Deinococcota;c__Deinococci;o__Deinococcales;f__;g__;s__	N/A	N/A	N/A	N/A	N/A	N/A	N/A	N/A	N/A	d__Bacteria;p__Deinococcota;c__Deinococci;o__Deinococcales;f__;g__;s__	Placement	taxonomic novelty determined using RED	N/A	55.99	11	0.7331603862361284	Genome has more than 20.8% of markers with multiple hits
bin_012_Verrucomicrobia-contigs	d__Bacteria;p__Verrucomicrobiota;c__Verrucomicrobiae;o__Pedosphaerales;f__Pedosphaeraceae;g__;s__	N/A	N/A	N/A	N/A	N/A	N/A	N/A	N/A	N/A	d__Bacteria;p__Verrucomicrobiota;c__Verrucomicrobiae;o__Pedosphaerales;f__Pedosphaeraceae;g__;s__	Placement	taxonomic novelty determined using RED	N/A	90.04	11	0.8381768058511754	N/A
bin_060-contigs	d__Bacteria;p__Verrucomicrobiota;c__Verrucomicrobiae;o__Pedosphaerales;f__AV2;g__;s__	N/A	N/A	N/A	N/A	N/A	N/A	N/A	N/A	N/A	d__Bacteria;p__Verrucomicrobiota;c__Verrucomicrobiae;o__Pedosphaerales;f__;g__;s__	Placement	taxonomic novelty determined using RED	N/A	88.49	11	0.8024322952391735	Genome has more than 12.5% of markers with multiple hits
bin_085-contigs	d__Bacteria;p__Verrucomicrobiota;c__Verrucomicrobiae;o__Opitutales;f__Opitutaceae;g__;s__	N/A	N/A	N/A	N/A	N/A	N/A	N/A	N/A	N/A	d__Bacteria;p__Verrucomicrobiota;c__Verrucomicrobiae;o__Opitutales;f__Opitutaceae;g__;s__	Placement	taxonomic novelty determined using RED	N/A	48.67	11	0.8964900435170604	N/A
bin_077-contigs	d__Bacteria;p__Verrucomicrobiota;c__Verrucomicrobiae;o__Opitutales;f__Opitutaceae;g__UBA2377;s__	N/A	N/A	N/A	N/A	N/A	GCA_002344205.1	d__Bacteria;p__Verrucomicrobiota;c__Verrucomicrobiae;o__Opitutales;f__Opitutaceae;g__UBA2377;s__UBA2377 sp002344205	80.31	0.43	d__Bacteria;p__Verrucomicrobiota;c__Verrucomicrobiae;o__Opitutales;f__Opitutaceae;g__;s__	Placement	taxonomic novelty determined using RED	N/A	74.44	11	0.9226050452737911	Genome has more than 15.8% of markers with multiple hits
bin_030_Verrucomicrobia-contigs	d__Bacteria;p__Verrucomicrobiota;c__Verrucomicrobiae;o__Opitutales;f__Opitutaceae;g__Didemnitutus;s__	N/A	N/A	N/A	N/A	N/A	N/A	N/A	N/A	N/A	d__Bacteria;p__Verrucomicrobiota;c__Verrucomicrobiae;o__Opitutales;f__Opitutaceae;g__;s__	Placement	taxonomic novelty determined using RED	N/A	89.54	11	0.8957894898809481	N/A
bin_109-contigs	d__Bacteria;p__Planctomycetota;c__Planctomycetes;o__;f__;g__;s__	N/A	N/A	N/A	N/A	N/A	N/A	N/A	N/A	N/A	d__Bacteria;p__Planctomycetota;c__;o__;f__;g__;s__	Placement	taxonomic novelty determined using RED	N/A	49.76	11	0.4724795943553158	Genome has more than 29.2% of markers with multiple hits
bin_008_Planctomycetes-contigs	d__Bacteria;p__Planctomycetota;c__Phycisphaerae;o__Phycisphaerales;f__SM1A02;g__UBA5793;s__	N/A	N/A	N/A	N/A	N/A	GCA_002418285.1	d__Bacteria;p__Planctomycetota;c__Phycisphaerae;o__Phycisphaerales;f__SM1A02;g__UBA5793;s__UBA5793 sp002418285	86.99	0.78	d__Bacteria;p__Planctomycetota;c__Phycisphaerae;o__Phycisphaerales;f__SM1A02;g__;s__	Placement	taxonomic novelty determined using RED	N/A	25.42	11	0.9887957271849636	N/A
bin_103-contigs	d__Bacteria;p__Planctomycetota;c__Phycisphaerae;o__Phycisphaerales;f__SM1A02;g__;s__	N/A	N/A	N/A	N/A	N/A	N/A	N/A	N/A	N/A	d__Bacteria;p__Planctomycetota;c__Phycisphaerae;o__Phycisphaerales;f__SM1A02;g__;s__	Placement	taxonomic classification fully defined by topology	N/A	52.52	11	0.7939762231155456	Genome has more than 16.7% of markers with multiple hits
bin_099-contigs	d__Bacteria;p__Planctomycetota;c__Phycisphaerae;o__UBA1845;f__;g__;s__	N/A	N/A	N/A	N/A	N/A	N/A	N/A	N/A	N/A	d__Bacteria;p__Planctomycetota;c__Phycisphaerae;o__;f__;g__;s__	Placement	taxonomic novelty determined using RED	N/A	36.73	11	0.6317314836831683	Genome has more than 10.8% of markers with multiple hits
bin_003_Planctomycetes-contigs	d__Bacteria;p__Planctomycetota;c__Brocadiae;o__Brocadiales;f__Brocadiaceae;g__Kuenenia;s__	N/A	N/A	N/A	N/A	N/A	GCF_900232105.1	d__Bacteria;p__Planctomycetota;c__Brocadiae;o__Brocadiales;f__Brocadiaceae;g__Kuenenia;s__Kuenenia stuttgartiensis	94.77	0.84	d__Bacteria;p__Planctomycetota;c__Brocadiae;o__Brocadiales;f__Brocadiaceae;g__;s__	Placement	taxonomic novelty determined using RED	N/A	89.78	11	0.9898476974790541	N/A
bin_043-contigs	d__Bacteria;p__Planctomycetota;c__UBA8742;o__;f__;g__;s__	N/A	N/A	N/A	N/A	N/A	N/A	N/A	N/A	N/A	d__Bacteria;p__Planctomycetota;c__;o__;f__;g__;s__	Placement	taxonomic novelty determined using RED	N/A	48.15	11	0.48741501525447384	N/A
bin_044-contigs	d__Bacteria;p__Planctomycetota;c__UBA8742;o__;f__;g__;s__	N/A	N/A	N/A	N/A	N/A	N/A	N/A	N/A	N/A	d__Bacteria;p__Planctomycetota;c__;o__;f__;g__;s__	Placement	taxonomic novelty determined using RED	N/A	47.0	11	0.4840853962501778	N/A
bin_110-contigs	d__Bacteria;p__Spirochaetota;c__Leptospirae;o__Leptospirales;f__Leptonemataceae;g__Leptonema;s__	N/A	N/A	N/A	N/A	N/A	N/A	N/A	N/A	N/A	d__Bacteria;p__Spirochaetota;c__Leptospirae;o__Leptospirales;f__Leptonemataceae;g__;s__	Placement	taxonomic novelty determined using RED	N/A	36.45	11	0.9381869977527438	N/A
bin_105-contigs	d__Bacteria;p__UBP7;c__;o__;f__;g__;s__	N/A	N/A	N/A	N/A	N/A	N/A	N/A	N/A	N/A	d__Bacteria;;c__;o__;f__;g__;s__	Placement	taxonomic novelty determined using RED	N/A	41.51	11	0.2894467380770719	Genome has more than 15.0% of markers with multiple hits
bin_021-contigs	d__Bacteria;p__Bacteroidota;c__Bacteroidia;o__Flavobacteriales;f__PHOS-HE28;g__PHOS-HE28;s__	N/A	N/A	N/A	N/A	N/A	GCA_002396605.1	d__Bacteria;p__Bacteroidota;c__Bacteroidia;o__Flavobacteriales;f__PHOS-HE28;g__PHOS-HE28;s__PHOS-HE28 sp002396605	79.95	0.41	d__Bacteria;p__Bacteroidota;c__Bacteroidia;o__Flavobacteriales;f__PHOS-HE28;g__PHOS-HE28;s__	Placement	taxonomic classification fully defined by topology	GCA_002342985.1, s__PHOS-HE28 sp002342985, 95.0, 78.72, 0.28; GCA_002482775.1, s__PHOS-HE28 sp002482775, 95.0, 77.96, 0.25	87.52	11	0.9519339173305108	N/A
bin_021_rest-contigs	d__Bacteria;p__Bacteroidota;c__Bacteroidia;o__Flavobacteriales;f__PHOS-HE28;g__PHOS-HE28;s__	N/A	N/A	N/A	N/A	N/A	GCA_002396605.1	d__Bacteria;p__Bacteroidota;c__Bacteroidia;o__Flavobacteriales;f__PHOS-HE28;g__PHOS-HE28;s__PHOS-HE28 sp002396605	79.4	0.29	d__Bacteria;p__Bacteroidota;c__Bacteroidia;o__Flavobacteriales;f__PHOS-HE28;g__PHOS-HE28;s__	Placement	taxonomic classification fully defined by topology	GCA_002342985.1, s__PHOS-HE28 sp002342985, 95.0, 77.43, 0.22	10.69	11	0.9461909294182295	N/A
bin_018_Bacteroidetes-contigs	d__Bacteria;p__Bacteroidota;c__Bacteroidia;o__Flavobacteriales;f__koll-22;g__;s__	N/A	N/A	N/A	N/A	N/A	N/A	N/A	N/A	N/A	d__Bacteria;p__Bacteroidota;c__Bacteroidia;o__Flavobacteriales;f__koll-22;g__;s__	Placement	taxonomic classification fully defined by topology	N/A	95.95	11	0.8233397358182215	N/A
bin_032_Bacteroidetes-contigs	d__Bacteria;p__Bacteroidota;c__Bacteroidia;o__AKYH767-A;f__OLB10;g__OLB10;s__	N/A	N/A	N/A	N/A	N/A	GCA_002455375.1	d__Bacteria;p__Bacteroidota;c__Bacteroidia;o__AKYH767-A;f__OLB10;g__OLB10;s__OLB10 sp002455375	87.69	0.87	d__Bacteria;p__Bacteroidota;c__Bacteroidia;o__AKYH767-A;f__OLB10;g__OLB10;s__	Placement	taxonomic classification fully defined by topology	GCA_001567275.1, s__OLB10 sp001567275, 95.0, 77.2, 0.24	98.61	11	0.981908208587019	N/A
bin_069_Bacteroidetes-contigs	d__Bacteria;p__Bacteroidota;c__Bacteroidia;o__;f__;g__;s__	N/A	N/A	N/A	N/A	N/A	N/A	N/A	N/A	N/A	d__Bacteria;p__Bacteroidota;c__;o__;f__;g__;s__	Placement	taxonomic novelty determined using RED	N/A	87.94	11	0.5319890498762752	N/A
bin_010_Ignavibacteriae-contigs	d__Bacteria;p__Bacteroidota;c__Ignavibacteria;o__Ignavibacteriales;f__Ignavibacteriaceae;g__Ignavibacterium;s__	N/A	N/A	N/A	N/A	N/A	GCA_003538625.1	d__Bacteria;p__Bacteroidota;c__Ignavibacteria;o__Ignavibacteriales;f__Ignavibacteriaceae;g__Ignavibacterium;s__Ignavibacterium sp003538625	79.61	0.53	d__Bacteria;p__Bacteroidota;c__Ignavibacteria;o__Ignavibacteriales;f__Ignavibacteriaceae;g__Ignavibacterium;s__	Placement	taxonomic classification fully defined by topology	GCA_002050295.1, s__Ignavibacterium sp002050295, 95.0, 77.61, 0.33	89.33	11	0.9504473648061498	N/A
bin_049_Ignavibacteriae-contigs	d__Bacteria;p__Bacteroidota;c__Ignavibacteria;o__Ignavibacteriales;f__Ignavibacteriaceae;g__;s__	N/A	N/A	N/A	N/A	N/A	N/A	N/A	N/A	N/A	d__Bacteria;p__Bacteroidota;c__Ignavibacteria;o__Ignavibacteriales;f__Ignavibacteriaceae;g__;s__	Placement	taxonomic novelty determined using RED	N/A	94.33	11	0.834342906727808	N/A
bin_067_Ignavibacteriae-contigs	d__Bacteria;p__Bacteroidota;c__Ignavibacteria;o__Ignavibacteriales;f__Ignavibacteriaceae_A;g__UTCHB3;s__	N/A	N/A	N/A	N/A	N/A	N/A	N/A	N/A	N/A	d__Bacteria;p__Bacteroidota;c__Ignavibacteria;o__Ignavibacteriales;f__;g__;s__	Placement	taxonomic novelty determined using RED	N/A	94.03	11	0.9112864034016313	N/A
bin_020_Ignavibacteriae-contigs	d__Bacteria;p__Bacteroidota;c__Ignavibacteria;o__Ignavibacteriales;f__Ignavibacteriaceae_A;g__;s__	N/A	N/A	N/A	N/A	N/A	N/A	N/A	N/A	N/A	d__Bacteria;p__Bacteroidota;c__Ignavibacteria;o__Ignavibacteriales;f__;g__;s__	Placement	taxonomic novelty determined using RED	N/A	93.57	11	0.761562862344767	N/A
bin_002_Unknown-contigs	d__Bacteria;p__Bacteroidota;c__Ignavibacteria;o__SJA-28;f__B-1AR;g__;s__	N/A	N/A	N/A	N/A	N/A	N/A	N/A	N/A	N/A	d__Bacteria;p__Bacteroidota;c__Ignavibacteria;o__SJA-28;f__B-1AR;g__;s__	Placement	taxonomic classification fully defined by topology	N/A	78.83	11	0.8240721802749696	N/A
bin_101_Chlorobi-contigs	d__Bacteria;p__Bacteroidota;c__Ignavibacteria;o__SJA-28;f__OLB5;g__;s__	N/A	N/A	N/A	N/A	N/A	N/A	N/A	N/A	N/A	d__Bacteria;p__Bacteroidota;c__Ignavibacteria;o__SJA-28;f__;g__;s__	Placement	taxonomic novelty determined using RED	N/A	94.62	11	0.7896811204976261	N/A
bin_033_Ignavibacteriae-contigs	d__Bacteria;p__Bacteroidota;c__UBA10030;o__UBA10030;f__UBA6906;g__;s__	N/A	N/A	N/A	N/A	N/A	N/A	N/A	N/A	N/A	d__Bacteria;p__Bacteroidota;c__UBA10030;o__UBA10030;f__UBA6906;g__;s__	Placement	taxonomic novelty determined using RED	N/A	87.46	11	0.8093489056840595	N/A
bin_050_Ignavibacteriae-contigs	d__Bacteria;p__Bacteroidota;c__UBA10030;o__UBA10030;f__UBA10030;g__2-02-FULL-55-14;s__	N/A	N/A	N/A	N/A	N/A	N/A	N/A	N/A	N/A	d__Bacteria;p__Bacteroidota;c__UBA10030;o__UBA10030;f__UBA10030;g__;s__	Placement	taxonomic novelty determined using RED	N/A	95.93	11	0.8727982126620379	N/A
bin_070_Ignavibacteriae-contigs	d__Bacteria;p__Bacteroidota;c__UBA10030;o__UBA10030;f__UBA10030;g__UBA6688;s__	N/A	N/A	N/A	N/A	N/A	GCA_002454845.1	d__Bacteria;p__Bacteroidota;c__UBA10030;o__UBA10030;f__UBA10030;g__UBA6688;s__UBA6688 sp002454845	91.9	0.79	d__Bacteria;p__Bacteroidota;c__UBA10030;o__UBA10030;f__UBA10030;g__;s__	Placement	taxonomic novelty determined using RED	N/A	95.54	11	0.9824080905723784	N/A
bin_046_Ignavibacteriae-contigs	d__Bacteria;p__Bacteroidota;c__UBA10030;o__UBA10030;f__UBA8401;g__;s__	N/A	N/A	N/A	N/A	N/A	N/A	N/A	N/A	N/A	d__Bacteria;p__Bacteroidota;c__UBA10030;o__UBA10030;f__;g__;s__	Placement	taxonomic novelty determined using RED	N/A	85.97	11	0.8489492242156649	N/A
bin_058-contigs	d__Bacteria;p__Bacteroidota;c__Kapabacteria;o__Kapabacteriales;f__UBA7675;g__UBA7675;s__	N/A	N/A	N/A	N/A	N/A	N/A	N/A	N/A	N/A	d__Bacteria;p__Bacteroidota;c__Kapabacteria;o__Kapabacteriales;f__;g__;s__	Placement	taxonomic novelty determined using RED	N/A	99.03	11	0.8780560377754616	N/A
bin_013_mixed-contigs	d__Bacteria;p__AABM5-125-24;c__;o__;f__;g__;s__	N/A	N/A	N/A	N/A	N/A	N/A	N/A	N/A	N/A	d__Bacteria;;c__;o__;f__;g__;s__	Placement	taxonomic novelty determined using RED	N/A	95.67	11	0.40485582454570873	N/A
bin_076_Gemmatimonadetes-contigs	d__Bacteria;p__Gemmatimonadota;c__Gemmatimonadetes;o__Gemmatimonadales;f__GWC2-71-9;g__;s__	N/A	N/A	N/A	N/A	N/A	N/A	N/A	N/A	N/A	d__Bacteria;p__Gemmatimonadota;c__Gemmatimonadetes;o__Gemmatimonadales;f__GWC2-71-9;g__;s__	Placement	taxonomic novelty determined using RED	N/A	68.45	11	0.8416755517738282	N/A
bin_090_Gemmatimonadetes-contigs	d__Bacteria;p__Gemmatimonadota;c__Gemmatimonadetes;o__Gemmatimonadales;f__Gemmatimonadaceae;g__Fen-1231;s__	N/A	N/A	N/A	N/A	N/A	GCA_003171215.1	d__Bacteria;p__Gemmatimonadota;c__Gemmatimonadetes;o__Gemmatimonadales;f__Gemmatimonadaceae;g__Fen-1231;s__Fen-1231 sp003171215	77.45	0.22	d__Bacteria;p__Gemmatimonadota;c__Gemmatimonadetes;o__Gemmatimonadales;f__Gemmatimonadaceae;g__;s__	Placement	taxonomic novelty determined using RED	N/A	93.08	11	0.8957219148443043	N/A
bin_038_Gemmatimonadetes-contigs	d__Bacteria;p__Gemmatimonadota;c__Gemmatimonadetes;o__Gemmatimonadales;f__Gemmatimonadaceae;g__SCN-70-22;s__	N/A	N/A	N/A	N/A	N/A	GCA_001724275.1	d__Bacteria;p__Gemmatimonadota;c__Gemmatimonadetes;o__Gemmatimonadales;f__Gemmatimonadaceae;g__SCN-70-22;s__SCN-70-22 sp001724275	79.85	0.52	d__Bacteria;p__Gemmatimonadota;c__Gemmatimonadetes;o__Gemmatimonadales;f__Gemmatimonadaceae;g__;s__	Placement	taxonomic novelty determined using RED	N/A	94.58	11	0.9458976066507203	N/A
bin_059-contigs	d__Bacteria;p__Zixibacteria;c__MSB-5A5;o__GN15;f__PGXB01;g__;s__	N/A	N/A	N/A	N/A	N/A	N/A	N/A	N/A	N/A	d__Bacteria;p__Zixibacteria;c__MSB-5A5;o__GN15;f__;g__;s__	Placement	taxonomic novelty determined using RED	N/A	93.41	11	0.8014446995919268	N/A
bin_072-contigs	d__Bacteria;p__Hydrogenedentota;c__Hydrogenedentia;o__Hydrogenedentiales;f__;g__;s__	N/A	N/A	N/A	N/A	N/A	N/A	N/A	N/A	N/A	d__Bacteria;p__Hydrogenedentota;c__Hydrogenedentia;o__Hydrogenedentiales;f__;g__;s__	Placement	taxonomic novelty determined using RED	N/A	93.71	11	0.7219415056984728	Genome has more than 11.7% of markers with multiple hits
bin_095-contigs	d__Bacteria;p__Hydrogenedentota;c__Hydrogenedentia;o__Hydrogenedentiales;f__;g__;s__	N/A	N/A	N/A	N/A	N/A	N/A	N/A	N/A	N/A	d__Bacteria;p__Hydrogenedentota;c__Hydrogenedentia;o__Hydrogenedentiales;f__;g__;s__	Placement	taxonomic classification fully defined by topology	N/A	77.4	11	0.6471950126974952	Genome has more than 30.8% of markers with multiple hits
bin_108-contigs	d__Bacteria;p__RBG-13-66-14;c__;o__;f__;g__;s__	N/A	N/A	N/A	N/A	N/A	N/A	N/A	N/A	N/A	d__Bacteria;;c__;o__;f__;g__;s__	Placement	taxonomic novelty determined using RED	N/A	40.58	11	0.3160905740211518	Genome has more than 14.2% of markers with multiple hits
bin_029_Proteobacteria-contigs	d__Bacteria;p__Proteobacteria;c__Gammaproteobacteria;o__Xanthomonadales;f__Xanthomonadaceae;g__;s__	N/A	N/A	N/A	N/A	N/A	N/A	N/A	N/A	N/A	d__Bacteria;p__Proteobacteria;c__Gammaproteobacteria;o__Xanthomonadales;f__Xanthomonadaceae;g__;s__	Placement	taxonomic novelty determined using RED	N/A	96.81	11	0.836206971608825	Genome has more than 13.3% of markers with multiple hits
bin_048_Proteobacteria-contigs	d__Bacteria;p__Proteobacteria;c__Gammaproteobacteria;o__Xanthomonadales;f__Rhodanobacteraceae;g__Dokdonella;s__	N/A	N/A	N/A	N/A	N/A	GCA_001899855.1	d__Bacteria;p__Proteobacteria;c__Gammaproteobacteria;o__Xanthomonadales;f__Rhodanobacteraceae;g__Dokdonella;s__Dokdonella sp001899855	83.14	0.66	d__Bacteria;p__Proteobacteria;c__Gammaproteobacteria;o__Xanthomonadales;f__Rhodanobacteraceae;g__Dokdonella;s__	Placement	taxonomic classification fully defined by topology	GCF_900115085.1, s__Dokdonella immobilis, 95.0, 80.67, 0.48; GCA_002483055.1, s__Dokdonella sp002483055, 95.0, 78.59, 0.3; GCA_003241385.1, s__Dokdonella denitrificans, 95.0, 78.39, 0.28; GCF_001632775.1, s__Dokdonella koreensis, 95.0, 78.22, 0.27; GCA_002632325.1, s__Dokdonella sp002632325, 95.0, 78.03, 0.31; GCA_003142815.1, s__Dokdonella sp003142815, 95.0, 77.96, 0.31; GCA_002297645.1, s__Dokdonella sp002297645, 95.0, 77.8, 0.25	98.37	11	0.9789655011616162	N/A
bin_034_Proteobacteria-contigs	d__Bacteria;p__Proteobacteria;c__Gammaproteobacteria;o__GCA-2729495;f__GCA-2729495;g__;s__	N/A	N/A	N/A	N/A	N/A	N/A	N/A	N/A	N/A	d__Bacteria;p__Proteobacteria;c__Gammaproteobacteria;o__;f__;g__;s__	Placement	taxonomic novelty determined using RED	N/A	83.19	11	0.7805636625461523	N/A
bin_097-contigs	d__Bacteria;p__Proteobacteria;c__Gammaproteobacteria;o__Burkholderiales;f__Burkholderiaceae;g__JOSHI-001;s__	N/A	N/A	N/A	N/A	N/A	N/A	N/A	N/A	N/A	d__Bacteria;p__Proteobacteria;c__Gammaproteobacteria;o__Burkholderiales;f__Burkholderiaceae;g__JOSHI-001;s__	Placement	taxonomic classification fully defined by topology	N/A	32.3	11	0.9589431267246951	N/A
bin_055-contigs	d__Bacteria;p__Proteobacteria;c__Gammaproteobacteria;o__Burkholderiales;f__Burkholderiaceae;g__;s__	N/A	N/A	N/A	N/A	N/A	N/A	N/A	N/A	N/A	d__Bacteria;p__Proteobacteria;c__Gammaproteobacteria;o__Burkholderiales;f__Burkholderiaceae;g__;s__	Placement	taxonomic classification fully defined by topology	N/A	42.62	11	0.9156368940811107	Genome has more than 10.0% of markers with multiple hits
bin_047_Proteobacteria-contigs	d__Bacteria;p__Proteobacteria;c__Gammaproteobacteria;o__Burkholderiales;f__Burkholderiaceae;g__Pusillimonas;s__	N/A	N/A	N/A	N/A	N/A	GCA_003096595.1	d__Bacteria;p__Proteobacteria;c__Gammaproteobacteria;o__Burkholderiales;f__Burkholderiaceae;g__Pusillimonas;s__Pusillimonas noertemannii	80.0	0.42	d__Bacteria;p__Proteobacteria;c__Gammaproteobacteria;o__Burkholderiales;f__Burkholderiaceae;g__Pusillimonas;s__	Placement	taxonomic classification fully defined by topology	GCF_002236805.1, s__Pusillimonas sp002236805, 95.0, 78.03, 0.23	96.59	11	0.9445383300867086	N/A
bin_054-contigs	d__Bacteria;p__Proteobacteria;c__Gammaproteobacteria;o__Burkholderiales;f__Burkholderiaceae;g__SCN-69-89;s__	N/A	N/A	N/A	N/A	N/A	GCA_001724855.1	d__Bacteria;p__Proteobacteria;c__Gammaproteobacteria;o__Burkholderiales;f__Burkholderiaceae;g__SCN-69-89;s__SCN-69-89 sp001724855	90.57	0.66	d__Bacteria;p__Proteobacteria;c__Gammaproteobacteria;o__Burkholderiales;f__Burkholderiaceae;g__SCN-69-89;s__	Placement	taxonomic classification fully defined by topology	GCA_001898645.1, s__SCN-69-89 sp001898645, 95.0, 82.65, 0.56; GCA_001724315.1, s__SCN-69-89 sp001724315, 95.0, 80.5, 0.38	57.4	11	0.974823591459021	Genome has more than 12.5% of markers with multiple hits
bin_019_Proteobacteria-contigs	d__Bacteria;p__Proteobacteria;c__Gammaproteobacteria;o__Burkholderiales;f__Burkholderiaceae;g__SCN-69-89;s__	N/A	N/A	N/A	N/A	N/A	GCA_001724855.1	d__Bacteria;p__Proteobacteria;c__Gammaproteobacteria;o__Burkholderiales;f__Burkholderiaceae;g__SCN-69-89;s__SCN-69-89 sp001724855	86.88	0.68	d__Bacteria;p__Proteobacteria;c__Gammaproteobacteria;o__Burkholderiales;f__Burkholderiaceae;g__SCN-69-89;s__	Placement	taxonomic classification fully defined by topology	GCA_001898645.1, s__SCN-69-89 sp001898645, 95.0, 83.03, 0.64; GCA_001724315.1, s__SCN-69-89 sp001724315, 95.0, 81.4, 0.53	90.63	11	0.9692195180995343	N/A
bin_024-contigs	d__Bacteria;p__Proteobacteria;c__Gammaproteobacteria;o__Burkholderiales;f__Burkholderiaceae;g__SCN-69-89;s__	N/A	N/A	N/A	N/A	N/A	GCA_001898645.1	d__Bacteria;p__Proteobacteria;c__Gammaproteobacteria;o__Burkholderiales;f__Burkholderiaceae;g__SCN-69-89;s__SCN-69-89 sp001898645	84.06	0.73	d__Bacteria;p__Proteobacteria;c__Gammaproteobacteria;o__Burkholderiales;f__Burkholderiaceae;g__SCN-69-89;s__	Placement	taxonomic classification fully defined by topology	GCA_001724855.1, s__SCN-69-89 sp001724855, 95.0, 82.01, 0.61; GCA_001724315.1, s__SCN-69-89 sp001724315, 95.0, 79.71, 0.39	86.17	11	0.9620459124437698	N/A
bin_068_Proteobacteria-contigs	d__Bacteria;p__Proteobacteria;c__Gammaproteobacteria;o__Burkholderiales;f__Burkholderiaceae;g__SCN-69-89;s__	N/A	N/A	N/A	N/A	N/A	N/A	N/A	N/A	N/A	d__Bacteria;p__Proteobacteria;c__Gammaproteobacteria;o__Burkholderiales;f__Burkholderiaceae;g__SCN-69-89;s__	Placement	taxonomic classification fully defined by topology	GCA_001724855.1, s__SCN-69-89 sp001724855, 95.0, 82.08, 0.54; GCA_001898645.1, s__SCN-69-89 sp001898645, 95.0, 81.84, 0.59; GCA_001724315.1, s__SCN-69-89 sp001724315, 95.0, 80.35, 0.45	90.08	11	0.9151288874068412	N/A
bin_061-contigs	d__Bacteria;p__Proteobacteria;c__Gammaproteobacteria;o__Burkholderiales;f__Rhodocyclaceae;g__UTPRO2;s__	N/A	N/A	N/A	N/A	N/A	GCA_003105015.1	d__Bacteria;p__Proteobacteria;c__Gammaproteobacteria;o__Burkholderiales;f__Rhodocyclaceae;g__UTPRO2;s__UTPRO2 sp003105015	92.9	0.37	d__Bacteria;p__Proteobacteria;c__Gammaproteobacteria;o__Burkholderiales;f__Rhodocyclaceae;g__UTPRO2;s__	Placement	taxonomic classification fully defined by topology	N/A	41.45	11	0.9972254727645902	Genome has more than 12.5% of markers with multiple hits
bin_078-contigs	d__Bacteria;p__Proteobacteria;c__Gammaproteobacteria;o__Burkholderiales;f__Rhodocyclaceae;g__UTPRO2;s__	N/A	N/A	N/A	N/A	N/A	GCA_003105015.1	d__Bacteria;p__Proteobacteria;c__Gammaproteobacteria;o__Burkholderiales;f__Rhodocyclaceae;g__UTPRO2;s__UTPRO2 sp003105015	94.22	0.63	d__Bacteria;p__Proteobacteria;c__Gammaproteobacteria;o__Burkholderiales;f__Rhodocyclaceae;g__UTPRO2;s__	Placement	taxonomic classification fully defined by topology	GCA_002066955.1, s__UTPRO2 sp002066955, 95.0, 84.03, 0.42; GCA_002840845.1, s__UTPRO2 sp002840845, 95.0, 82.83, 0.52	42.88	11	0.9926314583343294	N/A
bin_027-contigs	d__Bacteria;p__Proteobacteria;c__Gammaproteobacteria;o__Burkholderiales;f__Rhodocyclaceae;g__UTPRO2;s__	N/A	N/A	N/A	N/A	N/A	GCA_003105015.1	d__Bacteria;p__Proteobacteria;c__Gammaproteobacteria;o__Burkholderiales;f__Rhodocyclaceae;g__UTPRO2;s__UTPRO2 sp003105015	89.53	0.84	d__Bacteria;p__Proteobacteria;c__Gammaproteobacteria;o__Burkholderiales;f__Rhodocyclaceae;g__UTPRO2;s__	Placement	taxonomic classification fully defined by topology	GCA_002066955.1, s__UTPRO2 sp002066955, 95.0, 85.09, 0.58; GCA_002840845.1, s__UTPRO2 sp002840845, 95.0, 83.0, 0.69	73.63	11	0.9707929024470282	N/A
bin_057-contigs	d__Bacteria;p__Proteobacteria;c__Gammaproteobacteria;o__Burkholderiales;f__Rhodocyclaceae;g__;s__	N/A	N/A	N/A	N/A	N/A	N/A	N/A	N/A	N/A	d__Bacteria;p__Proteobacteria;c__Gammaproteobacteria;o__Burkholderiales;f__Rhodocyclaceae;g__;s__	Placement	taxonomic novelty determined using RED	N/A	63.99	11	0.9110933663434579	N/A
bin_052-contigs	d__Bacteria;p__Proteobacteria;c__Gammaproteobacteria;o__Burkholderiales;f__Rhodocyclaceae;g__Dechloromonas;s__	N/A	N/A	N/A	N/A	N/A	N/A	N/A	N/A	N/A	d__Bacteria;p__Proteobacteria;c__Gammaproteobacteria;o__Burkholderiales;f__Rhodocyclaceae;g__Dechloromonas;s__	Placement	taxonomic classification fully defined by topology	GCA_002425245.1, s__Dechloromonas sp002425245, 95.0, 86.41, 0.63; GCF_000429605.1, s__Dechloromonas hydrophilus, 95.0, 85.49, 0.64; GCA_002470165.1, s__Dechloromonas sp002470165, 95.0, 85.18, 0.66; GCF_001956855.1, s__Dechloromonas hydrophilus_A, 95.0, 84.23, 0.66; GCA_002840765.1, s__Dechloromonas sp002840765, 95.0, 82.66, 0.55; GCA_002842345.1, s__Dechloromonas sp002842345, 95.0, 82.55, 0.53; GCA_002345845.1, s__Dechloromonas sp002345845, 95.0, 82.15, 0.54; GCA_002440665.1, s__Dechloromonas sp002440665, 95.0, 82.1, 0.46; GCF_001551835.1, s__Dechloromonas denitrificans, 95.0, 81.88, 0.54; GCF_000519045.1, s__Dechloromonas agitata, 95.0, 81.85, 0.51; GCA_002840785.1, s__Dechloromonas sp002840785, 95.0, 81.35, 0.5; GCA_002842145.1, s__Dechloromonas sp002842145, 95.0, 81.08, 0.48; GCF_000012425.1, s__Dechloromonas aromatica, 95.0, 80.77, 0.46; GCA_002396525.1, s__Dechloromonas sp002396525, 95.0, 80.2, 0.37	87.66	11	0.985851717563593	Genome has more than 11.7% of markers with multiple hits
bin_053-contigs	d__Bacteria;p__Proteobacteria;c__Gammaproteobacteria;o__Burkholderiales;f__SG8-39;g__;s__	N/A	N/A	N/A	N/A	N/A	N/A	N/A	N/A	N/A	d__Bacteria;p__Proteobacteria;c__Gammaproteobacteria;o__Burkholderiales;f__SG8-39;g__;s__	Placement	taxonomic classification fully defined by topology	N/A	93.89	11	0.8241871581574112	Genome has more than 32.5% of markers with multiple hits
bin_025_Proteobacteria-contigs	d__Bacteria;p__Proteobacteria;c__Gammaproteobacteria;o__Burkholderiales;f__Palsa-1005;g__PALSA-1003;s__	N/A	N/A	N/A	N/A	N/A	GCA_003153475.1	d__Bacteria;p__Proteobacteria;c__Gammaproteobacteria;o__Burkholderiales;f__Palsa-1005;g__PALSA-1003;s__PALSA-1003 sp003153475	77.71	0.29	d__Bacteria;p__Proteobacteria;c__Gammaproteobacteria;o__Burkholderiales;f__Palsa-1005;g__;s__	Placement	taxonomic novelty determined using RED	N/A	86.85	11	0.8636757894439595	N/A
bin_104-contigs	d__Bacteria;p__Proteobacteria;c__Alphaproteobacteria;o__Rhizobiales;f__Rhizobiaceae;g__Aminobacter;s__	N/A	N/A	N/A	N/A	N/A	N/A	N/A	N/A	N/A	d__Bacteria;p__Proteobacteria;c__Alphaproteobacteria;o__Rhizobiales;f__Rhizobiaceae;g__;s__	Placement	taxonomic novelty determined using RED	N/A	30.44	11	0.9614319175230076	Genome has more than 10.8% of markers with multiple hits
bin_074-contigs	d__Bacteria;p__Proteobacteria;c__Alphaproteobacteria;o__Rhizobiales;f__Kaistiaceae;g__Bauldia;s__	N/A	N/A	N/A	N/A	N/A	GCF_900104485.1	d__Bacteria;p__Proteobacteria;c__Alphaproteobacteria;o__Rhizobiales;f__Kaistiaceae;g__Bauldia;s__Bauldia litoralis	80.07	0.56	d__Bacteria;p__Proteobacteria;c__Alphaproteobacteria;o__Rhizobiales;f__Kaistiaceae;g__;s__	Placement	taxonomic novelty determined using RED	N/A	71.85	11	0.9186136745369982	Genome has more than 20.0% of markers with multiple hits
bin_088-contigs	d__Bacteria;p__Proteobacteria;c__Alphaproteobacteria;o__Rhizobiales;f__Kaistiaceae;g__Bauldia;s__	N/A	N/A	N/A	N/A	N/A	GCF_900104485.1	d__Bacteria;p__Proteobacteria;c__Alphaproteobacteria;o__Rhizobiales;f__Kaistiaceae;g__Bauldia;s__Bauldia litoralis	79.55	0.56	d__Bacteria;p__Proteobacteria;c__Alphaproteobacteria;o__Rhizobiales;f__Kaistiaceae;g__;s__	Placement	taxonomic novelty determined using RED	N/A	37.58	11	0.9112219963843515	N/A
bin_093-contigs	d__Bacteria;p__Proteobacteria;c__Alphaproteobacteria;o__Rhizobiales;f__Kaistiaceae;g__Bauldia;s__	N/A	N/A	N/A	N/A	N/A	N/A	N/A	N/A	N/A	d__Bacteria;p__Proteobacteria;c__Alphaproteobacteria;o__Rhizobiales;f__Kaistiaceae;g__;s__	Placement	taxonomic novelty determined using RED	N/A	39.03	11	0.8953828755578207	Genome has more than 22.5% of markers with multiple hits
bin_073-contigs	d__Bacteria;p__Proteobacteria;c__Alphaproteobacteria;o__Rhizobiales;f__Xanthobacteraceae;g__Pseudorhodoplanes;s__	N/A	N/A	N/A	N/A	N/A	N/A	N/A	N/A	N/A	d__Bacteria;p__Proteobacteria;c__Alphaproteobacteria;o__Rhizobiales;f__Xanthobacteraceae;g__;s__	Placement	taxonomic novelty determined using RED	N/A	38.0	11	0.9651057470649698	N/A
bin_080-contigs	d__Bacteria;p__Proteobacteria;c__Alphaproteobacteria;o__Rhizobiales;f__Xanthobacteraceae;g__Pseudorhodoplanes;s__	N/A	N/A	N/A	N/A	N/A	N/A	N/A	N/A	N/A	d__Bacteria;p__Proteobacteria;c__Alphaproteobacteria;o__Rhizobiales;f__Xanthobacteraceae;g__;s__	Placement	taxonomic novelty determined using RED	N/A	46.03	11	0.9612496909745449	Genome has more than 20.8% of markers with multiple hits
bin_045_Proteobacteria-contigs	d__Bacteria;p__Proteobacteria;c__Alphaproteobacteria;o__Rhizobiales;f__Xanthobacteraceae;g__Pseudorhodoplanes;s__	N/A	N/A	N/A	N/A	N/A	GCF_002119765.1	d__Bacteria;p__Proteobacteria;c__Alphaproteobacteria;o__Rhizobiales;f__Xanthobacteraceae;g__Pseudorhodoplanes;s__Pseudorhodoplanes sinuspersici	79.42	0.42	d__Bacteria;p__Proteobacteria;c__Alphaproteobacteria;o__Rhizobiales;f__Xanthobacteraceae;g__;s__	Placement	taxonomic novelty determined using RED	N/A	98.51	11	0.9392425865431313	Genome has more than 25.0% of markers with multiple hits
bin_004_Proteobacteria-contigs	d__Bacteria;p__Proteobacteria;c__Alphaproteobacteria;o__Rhizobiales;f__Xanthobacteraceae;g__Pseudorhodoplanes;s__	N/A	N/A	N/A	N/A	N/A	GCF_002119765.1	d__Bacteria;p__Proteobacteria;c__Alphaproteobacteria;o__Rhizobiales;f__Xanthobacteraceae;g__Pseudorhodoplanes;s__Pseudorhodoplanes sinuspersici	78.94	0.42	d__Bacteria;p__Proteobacteria;c__Alphaproteobacteria;o__Rhizobiales;f__Xanthobacteraceae;g__;s__	Placement	taxonomic novelty determined using RED	N/A	97.54	11	0.9321234356774348	N/A
bin_023_Proteobacteria-contigs	d__Bacteria;p__Proteobacteria;c__Alphaproteobacteria;o__Rhizobiales;f__Hyphomicrobiaceae;g__Hyphomicrobium;s__	N/A	N/A	N/A	N/A	N/A	N/A	N/A	N/A	N/A	d__Bacteria;p__Proteobacteria;c__Alphaproteobacteria;o__Rhizobiales;f__Hyphomicrobiaceae;g__Hyphomicrobium;s__	Placement	taxonomic classification fully defined by topology	GCF_000143145.1, s__Hyphomicrobium denitrificans, 95.0, 77.82, 0.23	95.12	11	0.9243035999634772	N/A
bin_016_Proteobacteria-contigs	d__Bacteria;p__Proteobacteria;c__Alphaproteobacteria;o__Rhizobiales;f__Hyphomicrobiaceae;g__Hyphomicrobium;s__	N/A	N/A	N/A	N/A	N/A	N/A	N/A	N/A	N/A	d__Bacteria;p__Proteobacteria;c__Alphaproteobacteria;o__Rhizobiales;f__Hyphomicrobiaceae;g__Hyphomicrobium;s__	Placement	taxonomic classification fully defined by topology	GCF_000143145.1, s__Hyphomicrobium denitrificans, 95.0, 77.65, 0.22	96.9	11	0.9238574387418564	N/A
bin_092_Proteobacteria-contigs	d__Bacteria;p__Proteobacteria;c__Alphaproteobacteria;o__Rhodobacterales;f__Rhodobacteraceae;g__;s__	N/A	N/A	N/A	N/A	N/A	N/A	N/A	N/A	N/A	d__Bacteria;p__Proteobacteria;c__Alphaproteobacteria;o__Rhodobacterales;f__Rhodobacteraceae;g__;s__	Placement	taxonomic classification fully defined by topology	N/A	78.81	11	0.9544361519865361	N/A
bin_087_Proteobacteria-contigs	d__Bacteria;p__Myxococcota;c__Polyangia;o__Polyangiales;f__Polyangiaceae;g__;s__	N/A	N/A	N/A	N/A	N/A	N/A	N/A	N/A	N/A	d__Bacteria;p__Myxococcota;c__Polyangia;o__Polyangiales;f__Polyangiaceae;g__;s__	Placement	taxonomic classification fully defined by topology	N/A	84.62	11	0.8351531372851688	Genome has more than 10.8% of markers with multiple hits
bin_014_Proteobacteria-contigs	d__Bacteria;p__Myxococcota;c__Polyangia;o__Polyangiales;f__Polyangiaceae;g__;s__	N/A	N/A	N/A	N/A	N/A	N/A	N/A	N/A	N/A	d__Bacteria;p__Myxococcota;c__Polyangia;o__Polyangiales;f__Polyangiaceae;g__;s__	Placement	taxonomic novelty determined using RED	N/A	90.83	11	0.8355646913652393	N/A
bin_028-contigs	d__Bacteria;p__Myxococcota;c__Polyangia;o__Polyangiales;f__Polyangiaceae;g__Labilithrix;s__	N/A	N/A	N/A	N/A	N/A	GCA_001899635.1	d__Bacteria;p__Myxococcota;c__Polyangia;o__Polyangiales;f__Polyangiaceae;g__Labilithrix;s__Labilithrix sp001899635	80.1	0.6	d__Bacteria;p__Myxococcota;c__Polyangia;o__Polyangiales;f__Polyangiaceae;g__Labilithrix;s__	Placement	taxonomic classification fully defined by topology	GCA_001263205.1, s__Labilithrix luteola, 95.0, 77.68, 0.4	67.4	11	0.9549806501685548	N/A
bin_071-contigs	d__Bacteria;p__Myxococcota;c__UBA9160;o__UBA9160;f__UBA9160;g__;s__	N/A	N/A	N/A	N/A	N/A	N/A	N/A	N/A	N/A	d__Bacteria;p__Myxococcota;c__UBA9160;o__UBA9160;f__UBA9160;g__;s__	Placement	taxonomic novelty determined using RED	N/A	90.3	11	0.7707438784809371	Genome has more than 16.7% of markers with multiple hits
bin_089-contigs	d__Bacteria;p__Acidobacteriota;c__Acidobacteriae;o__Bryobacterales;f__Bryobacteraceae;g__;s__	N/A	N/A	N/A	N/A	N/A	N/A	N/A	N/A	N/A	d__Bacteria;p__Acidobacteriota;c__Acidobacteriae;o__Bryobacterales;f__Bryobacteraceae;g__;s__	Placement	taxonomic novelty determined using RED	N/A	45.83	11	0.8346253036567299	N/A
bin_075-contigs	d__Bacteria;p__Acidobacteriota;c__Acidobacteriae;o__Bryobacterales;f__Bryobacteraceae;g__UBA690;s__	N/A	N/A	N/A	N/A	N/A	N/A	N/A	N/A	N/A	d__Bacteria;p__Acidobacteriota;c__Acidobacteriae;o__Bryobacterales;f__Bryobacteraceae;g__UBA690;s__	Placement	taxonomic classification fully defined by topology	N/A	86.17	11	0.8852625446572915	Genome has more than 28.3% of markers with multiple hits
bin_102-contigs	d__Bacteria;p__Acidobacteriota;c__Acidobacteriae;o__Bryobacterales;f__;g__;s__	N/A	N/A	N/A	N/A	N/A	N/A	N/A	N/A	N/A	d__Bacteria;p__Acidobacteriota;c__Acidobacteriae;o__Bryobacterales;f__;g__;s__	Placement	taxonomic novelty determined using RED	N/A	68.79	11	0.7084520939423308	Genome has more than 25.0% of markers with multiple hits
bin_007_Acidobacteria-contigs	d__Bacteria;p__Acidobacteriota;c__Blastocatellia;o__Pyrinomonadales;f__Pyrinomonadaceae;g__OLB17;s__	N/A	N/A	N/A	N/A	N/A	GCA_001567505.1	d__Bacteria;p__Acidobacteriota;c__Blastocatellia;o__Pyrinomonadales;f__Pyrinomonadaceae;g__OLB17;s__OLB17 sp001567505	79.82	0.62	d__Bacteria;p__Acidobacteriota;c__Blastocatellia;o__Pyrinomonadales;f__Pyrinomonadaceae;g__OLB17;s__	Placement	taxonomic classification fully defined by topology	N/A	97.28	11	0.981120677984419	N/A
