"","B1","B3","B4","E1","E2","E3"
"scaffold_208_partial_20422_38927_1",0,0,0,0,0,0
"scaffold_208_partial_20422_38927_2",0,0,5,0,0,0
"scaffold_208_partial_20422_38927_3",0,0,6,0,0,0
"scaffold_208_partial_20422_38927_4",0,0,5,0,0,0
"scaffold_208_partial_20422_38927_5",0,29,454,2,1,4
"scaffold_208_partial_20422_38927_6",0,0,2,0,0,0
"scaffold_208_partial_20422_38927_7",0,0,7,0,0,0
"scaffold_208_partial_20422_38927_8",0,0,3,0,0,0
"scaffold_208_partial_20422_38927_9",0,0,7,0,0,0
"scaffold_208_partial_20422_38927_10",0,0,6,0,0,0
"scaffold_208_partial_20422_38927_11",0,8,0,0,0,0
"scaffold_208_partial_20422_38927_12",0,1,1,0,0,0
"scaffold_208_partial_20422_38927_13",0,0,2,0,0,0
"scaffold_208_partial_20422_38927_14",0,0,5,0,0,0
"scaffold_208_partial_20422_38927_15",0,0,9,0,0,1
"scaffold_208_partial_20422_38927_16",0,0,7,0,0,0
"scaffold_208_partial_20422_38927_17",0,1,32,0,1,0
"scaffold_208_partial_20422_38927_18",0,3,23,0,2,1
"scaffold_208_partial_20422_38927_19",0,1,19,0,0,0
"scaffold_208_partial_81763_102010_1",0,1,38,0,16,0
"scaffold_208_partial_81763_102010_2",0,0,23,4,2,1
"scaffold_208_partial_81763_102010_3",1,2,28,1,5,7
"scaffold_208_partial_81763_102010_4",0,0,1,1,0,0
"scaffold_208_partial_81763_102010_5",1,6,48,3,4,2
"scaffold_208_partial_81763_102010_6",0,0,2,0,0,1
"scaffold_208_partial_81763_102010_7",0,0,9,0,4,0
"scaffold_208_partial_81763_102010_8",3,6,20,2,0,2
"scaffold_208_partial_81763_102010_9",0,0,16,0,0,0
"scaffold_208_partial_81763_102010_10",0,2,2,0,0,0
"scaffold_208_partial_81763_102010_11",0,0,5,0,0,0
"scaffold_208_partial_122596_143578_1",0,0,3,0,0,0
"scaffold_208_partial_122596_143578_2",0,0,3,0,0,0
"scaffold_208_partial_122596_143578_3",0,0,1,0,0,0
"scaffold_208_partial_122596_143578_4",0,0,1,0,0,0
"scaffold_208_partial_122596_143578_5",0,0,1,0,0,0
"scaffold_208_partial_122596_143578_6",0,0,3,0,0,0
"scaffold_208_partial_122596_143578_7",0,1,13,0,0,0
"scaffold_208_partial_122596_143578_8",0,0,12,0,0,0
"scaffold_208_partial_122596_143578_9",0,0,6,0,0,0
"scaffold_208_partial_122596_143578_10",0,0,3,0,0,0
"scaffold_208_partial_122596_143578_11",0,1,7,0,1,0
"scaffold_208_partial_122596_143578_12",0,0,0,0,0,0
"scaffold_208_partial_122596_143578_13",0,1,2,0,0,0
"scaffold_208_partial_122596_143578_14",0,0,0,0,0,0
"scaffold_208_partial_122596_143578_15",0,0,3,0,0,0
"scaffold_208_partial_122596_143578_16",0,0,0,0,0,0
"scaffold_208_partial_122596_143578_17",0,0,0,0,0,0
"scaffold_208_partial_122596_143578_18",0,0,5,0,0,0
"scaffold_208_partial_286061_305917_1",0,0,0,0,0,0
"scaffold_208_partial_286061_305917_2",0,0,5,0,0,0
"scaffold_208_partial_286061_305917_3",0,0,1,0,0,0
"scaffold_208_partial_286061_305917_4",0,0,0,0,0,0
"scaffold_208_partial_286061_305917_5",0,0,0,0,0,0
"scaffold_208_partial_286061_305917_6",0,0,8,0,0,0
"scaffold_208_partial_286061_305917_7",0,0,4,0,0,0
"scaffold_208_partial_286061_305917_8",0,4,6,0,0,0
"scaffold_208_partial_286061_305917_9",0,0,1,0,0,0
"scaffold_208_partial_286061_305917_10",0,2,3,0,0,0
"scaffold_208_partial_286061_305917_11",0,8,29,0,3,0
"scaffold_208_partial_286061_305917_12",0,0,0,0,0,0
"scaffold_208_partial_286061_305917_13",0,0,5,0,0,0
"scaffold_208_partial_286061_305917_14",0,0,12,0,0,0
"scaffold_208_partial_286061_305917_15",0,3,7,0,0,0
"scaffold_208_partial_286061_305917_16",0,0,4,0,0,0
"scaffold_208_partial_286061_305917_17",0,0,1,0,0,0
"scaffold_208_partial_286061_305917_18",1,0,5,0,0,0
"scaffold_208_partial_286061_305917_19",0,0,0,0,0,0
"scaffold_208_partial_369233_388732_1",0,6,13,0,0,0
"scaffold_208_partial_369233_388732_2",0,0,0,0,0,0
"scaffold_208_partial_369233_388732_3",0,0,3,0,0,0
"scaffold_208_partial_369233_388732_4",0,0,5,0,0,0
"scaffold_208_partial_369233_388732_5",0,0,9,0,0,0
"scaffold_208_partial_369233_388732_6",0,0,7,0,0,2
"scaffold_208_partial_369233_388732_7",0,2,15,0,0,0
"scaffold_208_partial_369233_388732_8",0,0,3,0,0,0
"scaffold_208_partial_369233_388732_9",0,0,2,0,0,0
"scaffold_208_partial_369233_388732_10",0,2,1,0,0,0
"scaffold_208_partial_369233_388732_11",0,0,12,0,0,0
"scaffold_208_partial_369233_388732_12",0,2,0,0,0,0
"scaffold_208_partial_369233_388732_13",0,0,7,0,1,0
"scaffold_208_partial_369233_388732_14",0,0,9,0,0,0
"scaffold_208_partial_369233_388732_15",0,1,5,0,0,0
"scaffold_208_partial_369233_388732_16",0,0,2,0,0,0
"scaffold_208_partial_408721_470221_1",0,1,2,0,0,0
"scaffold_208_partial_408721_470221_2",0,1,2,0,0,0
"scaffold_208_partial_408721_470221_3",0,0,4,0,0,0
"scaffold_208_partial_408721_470221_4",0,0,8,0,0,0
"scaffold_208_partial_408721_470221_5",0,1,2,0,0,0
"scaffold_208_partial_408721_470221_6",0,0,4,0,0,0
"scaffold_208_partial_408721_470221_7",0,0,3,0,0,0
"scaffold_208_partial_408721_470221_8",0,7,14,1,0,0
"scaffold_208_partial_408721_470221_9",0,0,6,0,0,0
"scaffold_208_partial_408721_470221_10",0,4,13,0,0,0
"scaffold_208_partial_408721_470221_11",0,7,9,0,0,0
"scaffold_208_partial_408721_470221_12",0,0,6,0,0,0
"scaffold_208_partial_408721_470221_13",0,3,3,0,0,0
"scaffold_208_partial_408721_470221_14",0,0,1,0,0,0
"scaffold_208_partial_408721_470221_15",0,0,0,0,0,0
"scaffold_208_partial_408721_470221_16",0,1,4,0,0,0
"scaffold_208_partial_408721_470221_17",0,0,12,0,0,0
"scaffold_208_partial_408721_470221_18",0,0,12,0,0,0
"scaffold_208_partial_408721_470221_19",0,1,5,0,0,0
"scaffold_208_partial_408721_470221_20",0,0,13,0,0,0
"scaffold_208_partial_408721_470221_21",0,0,10,0,0,0
"scaffold_208_partial_408721_470221_22",0,0,1,0,0,0
"scaffold_208_partial_408721_470221_23",0,0,0,0,0,0
"scaffold_208_partial_408721_470221_24",0,0,3,0,0,0
"scaffold_208_partial_408721_470221_25",0,0,3,0,0,0
"scaffold_208_partial_408721_470221_26",2,0,9,0,0,0
"scaffold_208_partial_408721_470221_27",0,0,4,0,0,0
"scaffold_208_partial_408721_470221_28",0,0,0,0,0,0
"scaffold_208_partial_408721_470221_29",0,0,3,0,0,0
"scaffold_208_partial_408721_470221_30",0,1,5,0,0,0
"scaffold_208_partial_408721_470221_31",0,0,9,0,0,0
"scaffold_208_partial_408721_470221_32",0,1,7,0,0,0
"scaffold_208_partial_408721_470221_33",0,4,16,0,4,0
"scaffold_208_partial_408721_470221_34",0,0,11,0,0,0
"scaffold_208_partial_408721_470221_35",0,2,8,1,0,0
"scaffold_208_partial_408721_470221_36",0,1,8,0,0,0
"scaffold_208_partial_408721_470221_37",0,2,9,0,0,0
"scaffold_208_partial_408721_470221_38",0,0,1,0,0,0
"scaffold_208_partial_408721_470221_39",0,1,6,0,0,0
"scaffold_208_partial_408721_470221_40",0,1,14,0,0,0
"scaffold_208_partial_408721_470221_41",0,3,6,0,0,0
"scaffold_208_partial_408721_470221_42",0,0,0,0,0,0
"scaffold_208_partial_408721_470221_43",0,0,0,0,0,0
"scaffold_208_partial_408721_470221_44",0,0,8,0,0,0
"scaffold_208_partial_408721_470221_45",0,0,6,0,0,0
"scaffold_208_partial_408721_470221_46",0,0,1,0,2,0
"scaffold_208_partial_408721_470221_47",0,0,2,0,0,0
"scaffold_208_partial_408721_470221_48",0,0,11,3,4,7
"scaffold_208_partial_408721_470221_49",9,8,37,1,7,2
"scaffold_208_partial_408721_470221_50",0,0,11,0,0,0
"scaffold_208_partial_408721_470221_51",0,0,2,0,0,0
"scaffold_208_partial_408721_470221_52",0,0,15,0,0,0
"scaffold_208_partial_408721_470221_53",0,1,12,0,0,0
"scaffold_208_partial_408721_470221_54",0,1,2,0,0,0
"scaffold_208_partial_408721_470221_55",0,0,7,0,0,0
"scaffold_208_partial_408721_470221_56",0,0,14,0,0,0
"scaffold_208_partial_408721_470221_57",0,1,7,0,0,0
"scaffold_208_partial_489919_571612_1",8,6,51,7,23,13
"scaffold_208_partial_489919_571612_2",0,0,4,0,2,0
"scaffold_208_partial_489919_571612_3",0,0,18,0,0,0
"scaffold_208_partial_489919_571612_4",0,0,2,0,0,0
"scaffold_208_partial_489919_571612_5",0,0,0,0,0,0
"scaffold_208_partial_489919_571612_6",0,0,2,0,0,0
"scaffold_208_partial_489919_571612_7",0,0,6,0,0,0
"scaffold_208_partial_489919_571612_8",0,0,4,0,0,0
"scaffold_208_partial_489919_571612_9",0,0,9,0,0,0
"scaffold_208_partial_489919_571612_10",0,0,5,0,0,0
"scaffold_208_partial_489919_571612_11",0,0,4,0,0,0
"scaffold_208_partial_489919_571612_12",0,3,3,0,0,0
"scaffold_208_partial_489919_571612_13",0,0,1,0,0,0
"scaffold_208_partial_489919_571612_14",0,0,3,0,0,0
"scaffold_208_partial_489919_571612_15",0,1,4,0,0,0
"scaffold_208_partial_489919_571612_16",0,0,14,0,0,0
"scaffold_208_partial_489919_571612_17",2,8,25,0,1,0
"scaffold_208_partial_489919_571612_18",0,1,0,0,0,0
"scaffold_208_partial_489919_571612_19",0,0,2,0,0,0
"scaffold_208_partial_489919_571612_20",0,0,4,0,0,0
"scaffold_208_partial_489919_571612_21",0,1,6,0,0,0
"scaffold_208_partial_489919_571612_22",0,2,6,0,0,0
"scaffold_208_partial_489919_571612_23",0,0,5,0,0,0
"scaffold_208_partial_489919_571612_24",1,2,17,1,0,0
"scaffold_208_partial_489919_571612_25",0,0,7,0,0,0
"scaffold_208_partial_489919_571612_26",0,0,2,0,0,0
"scaffold_208_partial_489919_571612_27",0,0,2,0,0,0
"scaffold_208_partial_489919_571612_28",0,0,0,0,0,0
"scaffold_208_partial_489919_571612_29",0,0,0,0,0,0
"scaffold_208_partial_489919_571612_30",0,0,3,1,0,0
"scaffold_208_partial_489919_571612_31",0,1,6,1,0,0
"scaffold_208_partial_489919_571612_32",0,1,7,0,0,0
"scaffold_208_partial_489919_571612_33",0,0,0,0,0,0
"scaffold_208_partial_489919_571612_34",0,0,1,0,2,0
"scaffold_208_partial_489919_571612_35",0,0,1,0,0,0
"scaffold_208_partial_489919_571612_36",0,0,8,0,0,0
"scaffold_208_partial_489919_571612_37",0,1,27,0,0,1
"scaffold_208_partial_489919_571612_38",0,0,0,0,0,0
"scaffold_208_partial_489919_571612_39",0,0,7,0,0,0
"scaffold_208_partial_489919_571612_40",0,0,3,0,0,0
"scaffold_208_partial_489919_571612_41",0,0,0,0,1,0
"scaffold_208_partial_489919_571612_42",0,7,5,0,1,0
"scaffold_208_partial_489919_571612_43",1,0,0,0,0,0
"scaffold_208_partial_489919_571612_44",0,0,2,0,0,0
"scaffold_208_partial_489919_571612_45",0,0,2,0,0,0
"scaffold_208_partial_489919_571612_46",3,11,29,0,0,0
"scaffold_208_partial_489919_571612_47",0,0,0,0,0,0
"scaffold_208_partial_489919_571612_48",20,6,66,0,9,6
"scaffold_208_partial_489919_571612_49",0,0,3,0,3,0
"scaffold_208_partial_489919_571612_50",0,5,4,2,2,0
"scaffold_208_partial_489919_571612_51",0,2,9,0,0,0
"scaffold_208_partial_489919_571612_52",0,0,10,0,0,0
"scaffold_208_partial_489919_571612_53",1,6,4,1,2,0
"scaffold_208_partial_489919_571612_54",0,0,4,0,0,1
"scaffold_208_partial_489919_571612_55",0,1,7,0,1,0
"scaffold_208_partial_489919_571612_56",0,3,3,0,0,0
"scaffold_208_partial_489919_571612_57",0,0,5,0,0,0
"scaffold_208_partial_489919_571612_58",0,19,80,3,11,8
"scaffold_208_partial_489919_571612_59",0,6,24,1,1,0
"scaffold_208_partial_489919_571612_60",0,1,9,0,1,1
"scaffold_208_partial_489919_571612_61",0,0,2,0,0,0
"scaffold_208_partial_489919_571612_62",0,11,11,0,0,0
"scaffold_208_partial_489919_571612_63",0,0,0,0,0,0
"scaffold_208_partial_489919_571612_64",1,1,14,0,0,2
"scaffold_208_partial_489919_571612_65",0,6,12,0,0,0
"scaffold_208_partial_489919_571612_66",0,2,20,0,0,0
"scaffold_208_partial_489919_571612_67",0,4,35,0,0,0
"scaffold_208_partial_489919_571612_68",0,2,8,0,0,0
"scaffold_208_partial_489919_571612_69",0,0,5,0,1,0
"scaffold_208_partial_489919_571612_70",1,0,0,0,0,0
"scaffold_1950_1",0,0,13,0,0,0
"scaffold_1950_2",0,0,0,0,0,0
"scaffold_1950_3",0,3,4,0,0,0
"scaffold_1950_4",0,2,4,0,0,0
"scaffold_1950_5",0,0,10,0,0,0
"scaffold_1950_6",0,0,4,0,0,0
"scaffold_1950_7",1,0,15,0,0,0
"scaffold_1950_8",1,0,13,0,0,2
"scaffold_1950_9",0,1,22,0,0,1
"scaffold_1950_10",0,4,9,0,0,2
"scaffold_1950_11",0,2,11,0,0,0
"scaffold_1950_12",1,3,30,0,2,1
"scaffold_1950_13",0,0,13,0,0,0
"scaffold_1950_14",1,0,18,2,0,0
"scaffold_1950_15",0,0,0,0,0,0
"scaffold_1950_16",0,2,8,0,0,0
"scaffold_1950_17",0,0,11,0,0,0
"scaffold_1950_18",0,0,2,0,0,0
"scaffold_1950_19",0,0,1,0,0,0
"scaffold_1950_20",0,0,0,0,0,0
"scaffold_1950_21",0,4,9,0,0,0
"scaffold_1950_22",0,0,7,0,0,0
"scaffold_1950_23",0,1,10,1,0,0
"scaffold_1950_24",0,0,1,0,0,2
"scaffold_1950_25",0,1,5,0,0,0
"scaffold_1950_26",0,1,0,0,0,0
"scaffold_1950_27",0,0,3,0,0,0
"scaffold_1950_28",0,0,0,0,0,0
"scaffold_1950_29",0,0,2,0,0,0
"scaffold_1950_30",0,0,0,0,0,0
"scaffold_1950_31",0,0,0,0,0,0
"scaffold_1950_32",0,1,6,0,0,0
"scaffold_1950_33",0,0,3,0,0,0
"scaffold_1950_34",0,0,0,0,0,0
"scaffold_1950_35",0,0,7,0,0,0
"scaffold_1950_36",0,0,1,0,0,0
"scaffold_1950_37",0,0,1,0,0,0
"scaffold_653_partial_62838_103811_1",0,0,0,0,0,0
"scaffold_653_partial_62838_103811_2",0,0,1,0,0,0
"scaffold_653_partial_62838_103811_3",0,0,8,0,0,0
"scaffold_653_partial_62838_103811_4",0,0,2,0,0,0
"scaffold_653_partial_62838_103811_5",0,0,0,0,0,0
"scaffold_653_partial_62838_103811_6",0,0,7,0,0,0
"scaffold_653_partial_62838_103811_7",0,5,25,0,0,0
"scaffold_653_partial_62838_103811_8",0,0,6,0,0,0
"scaffold_653_partial_62838_103811_9",0,0,7,0,0,0
"scaffold_653_partial_62838_103811_10",0,0,0,0,0,0
"scaffold_653_partial_62838_103811_11",0,1,33,0,1,0
"scaffold_653_partial_62838_103811_12",0,0,8,0,0,0
"scaffold_653_partial_62838_103811_13",0,2,10,0,0,0
"scaffold_653_partial_62838_103811_14",0,3,15,0,0,0
"scaffold_653_partial_62838_103811_15",0,3,9,0,0,0
"scaffold_653_partial_62838_103811_16",3,1,26,1,0,5
"scaffold_653_partial_62838_103811_17",0,0,10,0,0,0
"scaffold_653_partial_62838_103811_18",0,0,7,0,0,0
"scaffold_653_partial_62838_103811_19",5,3,48,1,0,4
"scaffold_653_partial_62838_103811_20",0,0,0,0,0,0
"scaffold_653_partial_62838_103811_21",0,1,22,0,0,0
"scaffold_653_partial_62838_103811_22",0,0,0,0,0,0
"scaffold_653_partial_62838_103811_23",0,0,5,0,0,0
"scaffold_653_partial_62838_103811_24",0,1,10,0,0,0
"scaffold_653_partial_62838_103811_25",0,0,0,0,0,0
"scaffold_653_partial_62838_103811_26",0,0,10,0,0,0
"scaffold_653_partial_62838_103811_27",0,1,3,0,0,0
"scaffold_653_partial_62838_103811_28",0,0,9,0,0,0
"scaffold_653_partial_62838_103811_29",0,1,0,0,0,0
"scaffold_653_partial_62838_103811_30",0,0,0,0,0,0
"scaffold_653_partial_62838_103811_31",0,0,1,0,0,0
"scaffold_653_partial_62838_103811_32",0,1,10,0,0,0
"scaffold_902_partial_141142_179491_1",0,0,1,0,0,0
"scaffold_902_partial_141142_179491_2",0,0,9,0,1,1
"scaffold_902_partial_141142_179491_3",0,3,19,0,0,0
"scaffold_902_partial_141142_179491_4",0,0,0,0,0,0
"scaffold_902_partial_141142_179491_5",0,0,1,0,0,0
"scaffold_902_partial_141142_179491_6",0,0,5,0,0,0
"scaffold_902_partial_141142_179491_7",0,0,8,0,0,0
"scaffold_902_partial_141142_179491_8",0,7,15,0,0,0
"scaffold_902_partial_141142_179491_9",0,0,8,0,0,0
"scaffold_902_partial_141142_179491_10",0,0,2,0,0,0
"scaffold_902_partial_141142_179491_11",0,0,0,0,0,0
"scaffold_902_partial_141142_179491_12",0,0,2,0,0,0
"scaffold_902_partial_141142_179491_13",0,0,6,0,0,0
"scaffold_902_partial_141142_179491_14",0,0,3,0,0,0
"scaffold_902_partial_141142_179491_15",0,0,8,0,0,0
"scaffold_902_partial_141142_179491_16",0,0,6,0,0,0
"scaffold_902_partial_141142_179491_17",0,0,0,0,0,0
"scaffold_902_partial_141142_179491_18",0,4,10,0,0,0
"scaffold_902_partial_141142_179491_19",0,0,10,0,0,0
"scaffold_902_partial_141142_179491_20",0,4,15,1,1,0
"scaffold_902_partial_141142_179491_21",0,1,10,0,0,0
"scaffold_902_partial_141142_179491_22",0,2,9,1,2,3
"scaffold_902_partial_141142_179491_23",0,0,0,0,0,0
"scaffold_902_partial_141142_179491_24",0,3,8,0,2,0
"scaffold_902_partial_141142_179491_25",0,0,7,0,0,0
"scaffold_902_partial_141142_179491_26",0,2,0,0,0,0
"scaffold_902_partial_141142_179491_27",0,1,10,0,0,0
"scaffold_902_partial_141142_179491_28",0,0,3,0,0,0
"scaffold_902_partial_141142_179491_29",0,1,2,0,0,0
"scaffold_902_partial_141142_179491_30",0,0,3,0,4,0
"scaffold_902_partial_141142_179491_31",0,0,6,0,0,0
"scaffold_902_partial_141142_179491_32",0,0,1,0,0,0
"scaffold_902_partial_141142_179491_33",0,2,14,0,0,0
"scaffold_902_partial_141142_179491_34",0,0,1,0,0,0
"scaffold_902_partial_280759_322103_1",0,1,3,0,0,0
"scaffold_902_partial_280759_322103_2",0,0,1,0,0,0
"scaffold_902_partial_280759_322103_3",0,2,5,0,0,0
"scaffold_902_partial_280759_322103_4",0,0,0,0,0,0
"scaffold_902_partial_280759_322103_5",0,0,5,0,0,0
"scaffold_902_partial_280759_322103_6",0,5,9,1,0,0
"scaffold_902_partial_280759_322103_7",1,2,11,0,0,0
"scaffold_902_partial_280759_322103_8",0,1,21,0,2,0
"scaffold_902_partial_280759_322103_9",0,0,7,0,0,0
"scaffold_902_partial_280759_322103_10",1,5,16,0,0,0
"scaffold_902_partial_280759_322103_11",0,3,5,0,0,0
"scaffold_902_partial_280759_322103_12",1,2,48,0,0,0
"scaffold_902_partial_280759_322103_13",0,0,2,0,0,0
"scaffold_902_partial_280759_322103_14",0,0,1,0,0,0
"scaffold_902_partial_280759_322103_15",4,0,9,0,0,0
"scaffold_902_partial_280759_322103_16",0,0,6,0,0,0
"scaffold_902_partial_280759_322103_17",0,0,2,0,0,0
"scaffold_902_partial_280759_322103_18",0,3,15,1,0,0
"scaffold_902_partial_280759_322103_19",0,6,10,0,0,0
"scaffold_902_partial_280759_322103_20",0,1,5,0,0,0
"scaffold_902_partial_280759_322103_21",1,0,8,3,2,0
"scaffold_902_partial_280759_322103_22",0,0,11,0,0,0
"scaffold_902_partial_280759_322103_23",0,1,14,0,0,0
"scaffold_902_partial_280759_322103_24",0,0,3,0,0,0
"scaffold_902_partial_280759_322103_25",0,0,0,0,0,0
"scaffold_902_partial_280759_322103_26",0,0,1,0,0,0
"scaffold_902_partial_280759_322103_27",0,0,0,0,0,0
"scaffold_902_partial_280759_322103_28",0,0,0,0,0,0
"scaffold_902_partial_280759_322103_29",0,0,0,0,0,0
"scaffold_902_partial_280759_322103_30",0,0,0,0,0,0
"scaffold_902_partial_280759_322103_31",0,3,33,0,1,1
"scaffold_902_partial_280759_322103_32",0,0,9,0,0,0
"scaffold_902_partial_280759_322103_33",0,0,5,0,0,0
"scaffold_902_partial_280759_322103_34",0,1,6,0,0,0
"scaffold_902_partial_280759_322103_35",0,2,3,0,0,0
"scaffold_902_partial_361992_381786_1",0,0,4,0,0,0
"scaffold_902_partial_361992_381786_2",0,1,22,0,0,0
"scaffold_902_partial_361992_381786_3",0,4,7,0,0,0
"scaffold_902_partial_361992_381786_4",0,0,2,0,0,0
"scaffold_902_partial_361992_381786_5",0,1,5,0,0,0
"scaffold_902_partial_361992_381786_6",0,2,6,0,0,0
"scaffold_902_partial_361992_381786_7",0,1,4,0,0,0
"scaffold_902_partial_361992_381786_8",0,3,4,0,0,0
"scaffold_902_partial_361992_381786_9",0,2,4,0,0,0
"scaffold_902_partial_361992_381786_10",0,0,4,0,0,0
"scaffold_902_partial_361992_381786_11",0,0,1,0,0,0
"scaffold_902_partial_361992_381786_12",1,0,2,0,0,0
"scaffold_902_partial_361992_381786_13",0,0,0,0,0,0
"scaffold_902_partial_361992_381786_14",0,0,0,0,0,0
"scaffold_902_partial_361992_381786_15",0,0,3,0,0,0
"scaffold_902_partial_361992_381786_16",0,0,0,0,0,0
"scaffold_902_partial_361992_381786_17",0,0,3,0,0,0
"scaffold_902_partial_361992_381786_18",0,0,0,0,0,0
"scaffold_380_partial_0_20184_1",0,0,0,0,0,0
"scaffold_380_partial_0_20184_2",3,8,30,0,0,0
"scaffold_380_partial_0_20184_3",0,2,3,0,0,0
"scaffold_380_partial_0_20184_4",0,1,2,0,3,0
"scaffold_380_partial_0_20184_5",0,0,9,1,0,0
"scaffold_380_partial_0_20184_6",2,0,3,0,0,0
"scaffold_380_partial_0_20184_7",53,8,153,17,59,26
"scaffold_380_partial_0_20184_8",0,2,11,0,0,0
"scaffold_380_partial_0_20184_9",0,1,21,0,0,0
"scaffold_380_partial_0_20184_10",0,0,7,0,0,0
"scaffold_380_partial_0_20184_11",0,2,5,0,0,0
"scaffold_380_partial_0_20184_12",0,1,4,0,0,0
"scaffold_380_partial_0_20184_13",0,0,3,0,0,0
"scaffold_380_partial_0_20184_14",0,0,9,0,0,0
"scaffold_380_partial_0_20184_15",0,0,1,0,0,0
"scaffold_380_partial_0_20184_16",0,1,13,0,0,0
"scaffold_380_partial_0_20184_17",3,12,59,1,2,0
"scaffold_380_partial_0_20184_18",1,1,11,0,0,2
"scaffold_380_partial_0_20184_19",0,0,14,0,0,0
"scaffold_380_partial_0_20184_20",0,0,5,0,0,0
"scaffold_380_partial_39095_57942_1",0,4,24,0,0,1
"scaffold_380_partial_39095_57942_2",0,0,3,0,0,0
"scaffold_380_partial_39095_57942_3",0,1,14,0,0,0
"scaffold_380_partial_39095_57942_4",0,0,0,0,0,0
"scaffold_380_partial_39095_57942_5",0,0,3,0,0,0
"scaffold_380_partial_39095_57942_6",0,0,5,0,0,0
"scaffold_380_partial_39095_57942_7",0,0,11,0,0,0
"scaffold_380_partial_39095_57942_8",0,5,19,0,0,0
"scaffold_380_partial_39095_57942_9",0,0,3,0,0,0
"scaffold_380_partial_39095_57942_10",0,0,5,0,0,0
"scaffold_380_partial_39095_57942_11",0,0,3,0,0,0
"scaffold_380_partial_39095_57942_12",0,0,4,0,0,0
"scaffold_380_partial_39095_57942_13",0,0,8,0,0,0
"scaffold_380_partial_39095_57942_14",0,3,22,0,4,0
"scaffold_380_partial_39095_57942_15",0,0,8,1,0,0
"scaffold_130_partial_20246_40190_1",0,2,42,0,1,0
"scaffold_130_partial_20246_40190_2",0,0,0,0,0,0
"scaffold_130_partial_20246_40190_3",0,0,6,2,0,0
"scaffold_130_partial_20246_40190_4",0,0,0,0,0,0
"scaffold_130_partial_20246_40190_5",0,0,0,0,0,0
"scaffold_130_partial_20246_40190_6",0,0,0,0,0,0
"scaffold_130_partial_20246_40190_7",0,0,12,2,3,0
"scaffold_130_partial_20246_40190_8",0,0,7,0,0,0
"scaffold_130_partial_20246_40190_9",2,2,0,0,0,0
"scaffold_130_partial_20246_40190_10",0,2,2,0,0,0
"scaffold_130_partial_20246_40190_11",0,0,4,0,0,1
"scaffold_130_partial_20246_40190_12",0,0,14,0,0,0
"scaffold_130_partial_20246_40190_13",0,1,11,0,0,0
"scaffold_130_partial_20246_40190_14",0,1,3,0,0,0
"scaffold_130_partial_20246_40190_15",1,0,32,0,0,3
"scaffold_130_partial_20246_40190_16",1,3,28,0,0,1
"scaffold_130_partial_20246_40190_17",0,0,6,0,0,0
"scaffold_130_partial_20246_40190_18",0,0,3,0,0,0
"scaffold_130_partial_81973_101588_1",0,0,3,0,0,0
"scaffold_130_partial_81973_101588_2",0,0,7,0,0,0
"scaffold_130_partial_81973_101588_3",0,1,3,0,0,0
"scaffold_130_partial_81973_101588_4",4,3,15,0,0,0
"scaffold_130_partial_81973_101588_5",0,0,6,0,0,0
"scaffold_130_partial_81973_101588_6",0,0,5,0,0,2
"scaffold_130_partial_81973_101588_7",0,3,15,0,4,0
"scaffold_130_partial_81973_101588_8",0,0,10,0,0,0
"scaffold_130_partial_81973_101588_9",84,35,344,54,175,119
"scaffold_130_partial_81973_101588_10",1,3,2,0,0,0
"scaffold_130_partial_81973_101588_11",0,0,1,0,0,0
"scaffold_130_partial_81973_101588_12",0,0,10,0,0,0
"scaffold_130_partial_81973_101588_13",0,4,12,0,0,0
"scaffold_130_partial_81973_101588_14",0,0,2,0,0,0
"scaffold_130_partial_81973_101588_15",0,2,4,0,0,0
"scaffold_130_partial_81973_101588_16",0,0,0,0,0,0
"scaffold_130_partial_163270_184379_1",2,3,36,1,1,4
"scaffold_130_partial_163270_184379_2",0,5,9,0,0,0
"scaffold_130_partial_163270_184379_3",0,5,47,1,2,1
"scaffold_130_partial_163270_184379_4",0,0,0,0,0,0
"scaffold_130_partial_163270_184379_5",0,2,1,0,0,0
"scaffold_130_partial_163270_184379_6",0,1,4,0,0,0
"scaffold_130_partial_163270_184379_7",0,0,3,0,1,0
"scaffold_130_partial_163270_184379_8",0,0,0,0,0,0
"scaffold_130_partial_163270_184379_9",0,0,2,0,0,0
"scaffold_130_partial_163270_184379_10",0,5,3,0,0,0
"scaffold_130_partial_163270_184379_11",0,1,2,0,0,0
"scaffold_130_partial_163270_184379_12",0,0,7,0,0,0
"scaffold_130_partial_163270_184379_13",0,0,3,0,0,0
"scaffold_130_partial_163270_184379_14",0,0,13,0,0,0
"scaffold_130_partial_163270_184379_15",0,1,6,0,0,0
"scaffold_130_partial_163270_184379_16",0,0,0,0,0,0
"scaffold_130_partial_163270_184379_17",6,0,64,5,1,7
"scaffold_130_partial_163270_184379_18",0,5,37,1,3,2
"scaffold_130_partial_163270_184379_19",0,1,2,0,0,0
"scaffold_1292_partial_133639_154948_1",0,4,16,0,2,0
"scaffold_1292_partial_133639_154948_2",0,5,6,0,0,6
"scaffold_1292_partial_133639_154948_3",0,0,0,0,0,0
"scaffold_1292_partial_133639_154948_4",0,0,10,0,0,0
"scaffold_1292_partial_133639_154948_5",0,0,3,0,0,0
"scaffold_1292_partial_133639_154948_6",0,0,3,0,0,0
"scaffold_1292_partial_133639_154948_7",0,0,3,0,0,0
"scaffold_1292_partial_133639_154948_8",0,1,3,0,0,0
"scaffold_1292_partial_133639_154948_9",0,0,1,0,0,0
"scaffold_1292_partial_133639_154948_10",0,0,7,0,0,0
"scaffold_1292_partial_133639_154948_11",0,5,29,0,0,0
"scaffold_1292_partial_133639_154948_12",0,0,6,0,0,0
"scaffold_1292_partial_133639_154948_13",2,0,5,0,0,0
"scaffold_1292_partial_133639_154948_14",0,0,1,0,0,0
"scaffold_423_partial_59855_79210_1",0,2,18,0,2,0
"scaffold_423_partial_59855_79210_2",0,0,5,0,5,0
"scaffold_423_partial_59855_79210_3",1,0,7,0,0,0
"scaffold_423_partial_59855_79210_4",2,0,13,0,3,2
"scaffold_423_partial_59855_79210_5",0,0,1,0,5,0
"scaffold_423_partial_59855_79210_6",5,3,45,5,3,7
"scaffold_423_partial_59855_79210_7",0,0,2,0,0,0
"scaffold_423_partial_59855_79210_8",0,0,5,0,0,2
"scaffold_423_partial_59855_79210_9",0,0,1,0,0,0
"scaffold_423_partial_59855_79210_10",0,3,1,0,0,0
"scaffold_423_partial_59855_79210_11",0,0,0,0,0,0
"scaffold_423_partial_59855_79210_12",0,3,5,0,0,0
"scaffold_423_partial_59855_79210_13",0,0,2,0,0,0
"scaffold_423_partial_59855_79210_14",0,1,2,0,0,0
"scaffold_423_partial_59855_79210_15",0,1,4,0,0,0
"scaffold_423_partial_59855_79210_16",0,6,8,0,0,0
"scaffold_423_partial_59855_79210_17",0,0,2,0,0,1
"scaffold_423_partial_101521_140332_1",0,0,0,0,0,0
"scaffold_423_partial_101521_140332_2",0,0,4,0,0,0
"scaffold_423_partial_101521_140332_3",0,2,9,0,0,0
"scaffold_423_partial_101521_140332_4",1,3,14,0,0,0
"scaffold_423_partial_101521_140332_5",0,3,14,0,0,0
"scaffold_423_partial_101521_140332_6",0,1,5,0,0,0
"scaffold_423_partial_101521_140332_7",0,1,4,0,0,0
"scaffold_423_partial_101521_140332_8",0,0,0,0,0,0
"scaffold_423_partial_101521_140332_9",0,0,15,0,0,0
"scaffold_423_partial_101521_140332_10",0,0,2,0,1,2
"scaffold_423_partial_101521_140332_11",0,0,2,0,0,0
"scaffold_423_partial_101521_140332_12",0,0,13,0,0,0
"scaffold_423_partial_101521_140332_13",0,2,31,0,0,0
"scaffold_423_partial_101521_140332_14",0,0,2,0,0,0
"scaffold_423_partial_101521_140332_15",0,4,4,0,0,0
"scaffold_423_partial_101521_140332_16",0,0,9,0,0,0
"scaffold_423_partial_101521_140332_17",0,0,14,0,0,1
"scaffold_423_partial_101521_140332_18",0,0,10,0,0,2
"scaffold_423_partial_101521_140332_19",0,2,17,0,0,0
"scaffold_423_partial_101521_140332_20",0,0,4,0,0,0
"scaffold_423_partial_101521_140332_21",0,1,4,0,0,0
"scaffold_423_partial_101521_140332_22",0,4,4,0,0,7
"scaffold_423_partial_101521_140332_23",0,0,3,0,0,0
"scaffold_423_partial_101521_140332_24",0,0,1,0,0,0
"scaffold_423_partial_101521_140332_25",0,0,10,0,0,0
"scaffold_423_partial_101521_140332_26",0,0,0,0,0,0
"scaffold_423_partial_101521_140332_27",0,0,3,0,0,0
"scaffold_423_partial_101521_140332_28",0,4,1,0,0,0
"scaffold_423_partial_101521_140332_29",0,0,2,0,0,0
"scaffold_423_partial_101521_140332_30",0,3,11,0,0,0
"scaffold_423_partial_101521_140332_31",0,0,2,0,0,0
"scaffold_423_partial_101521_140332_32",0,0,4,0,0,0
"scaffold_423_partial_101521_140332_33",0,0,17,0,0,0
"scaffold_423_partial_101521_140332_34",0,0,9,0,0,0
"scaffold_423_partial_101521_140332_35",0,0,2,0,0,0
"scaffold_423_partial_101521_140332_36",0,0,0,3,0,0
"scaffold_423_partial_101521_140332_37",0,0,0,0,3,0
"scaffold_423_partial_101521_140332_38",0,0,5,0,0,0
"scaffold_423_partial_101521_140332_39",0,1,2,0,4,1
"scaffold_423_partial_101521_140332_40",1,1,18,1,0,0
"scaffold_423_partial_180734_201200_1",0,1,7,0,0,0
"scaffold_423_partial_180734_201200_2",0,0,11,0,0,0
"scaffold_423_partial_180734_201200_3",0,1,2,0,0,0
"scaffold_423_partial_180734_201200_4",0,1,5,0,0,0
"scaffold_423_partial_180734_201200_5",0,0,0,0,0,0
"scaffold_423_partial_180734_201200_6",0,3,8,0,0,0
"scaffold_423_partial_180734_201200_7",0,1,16,0,0,0
"scaffold_423_partial_180734_201200_8",0,1,3,0,0,0
"scaffold_423_partial_180734_201200_9",0,2,7,0,0,0
"scaffold_423_partial_180734_201200_10",0,2,21,0,0,0
"scaffold_423_partial_180734_201200_11",0,2,3,0,0,0
"scaffold_423_partial_180734_201200_12",0,1,1,0,0,0
"scaffold_423_partial_180734_201200_13",0,2,5,0,0,0
"scaffold_423_partial_180734_201200_14",0,0,2,0,0,0
"scaffold_423_partial_180734_201200_15",0,0,9,0,0,0
"scaffold_423_partial_180734_201200_16",0,0,9,0,0,0
"scaffold_423_partial_180734_201200_17",0,1,18,0,1,0
"scaffold_423_partial_180734_201200_18",0,0,4,0,0,0
"scaffold_423_partial_180734_201200_19",0,4,16,0,0,0
"scaffold_423_partial_221204_241901_1",0,6,3,0,0,0
"scaffold_423_partial_221204_241901_2",0,2,31,0,2,1
"scaffold_423_partial_221204_241901_3",0,1,11,0,0,0
"scaffold_423_partial_221204_241901_4",0,0,6,0,0,0
"scaffold_423_partial_221204_241901_5",0,0,6,0,0,0
"scaffold_423_partial_221204_241901_6",0,0,21,0,0,0
"scaffold_423_partial_221204_241901_7",0,1,3,0,0,0
"scaffold_423_partial_221204_241901_8",0,0,9,0,0,0
"scaffold_423_partial_221204_241901_9",0,0,8,0,0,0
"scaffold_423_partial_221204_241901_10",2,1,24,3,6,0
"scaffold_423_partial_221204_241901_11",0,2,8,1,0,1
"scaffold_423_partial_221204_241901_12",0,1,5,0,1,2
"scaffold_423_partial_221204_241901_13",6,6,34,2,5,1
"scaffold_423_partial_221204_241901_14",0,4,18,0,1,0
"scaffold_423_partial_221204_241901_15",0,0,1,0,0,0
"scaffold_423_partial_221204_241901_16",0,0,0,0,0,0
"scaffold_423_partial_221204_241901_17",0,0,1,0,0,0
"scaffold_423_partial_221204_241901_18",0,6,9,0,1,2
"scaffold_423_partial_221204_241901_19",0,2,4,0,0,0
"scaffold_423_partial_261538_281854_1",0,0,8,0,0,0
"scaffold_423_partial_261538_281854_2",1,0,14,0,3,0
"scaffold_423_partial_261538_281854_3",0,1,3,0,0,0
"scaffold_423_partial_261538_281854_4",0,0,3,0,0,0
"scaffold_423_partial_261538_281854_5",0,0,2,0,0,0
"scaffold_423_partial_261538_281854_6",0,1,21,0,0,0
"scaffold_423_partial_261538_281854_7",0,0,6,0,0,0
"scaffold_423_partial_261538_281854_8",1,7,40,1,0,1
"scaffold_423_partial_261538_281854_9",0,0,7,0,0,0
"scaffold_423_partial_261538_281854_10",0,1,8,0,0,0
"scaffold_423_partial_261538_281854_11",0,4,3,0,5,2
"scaffold_423_partial_261538_281854_12",0,0,1,0,0,0
"scaffold_423_partial_261538_281854_13",0,0,3,0,0,0
"scaffold_423_partial_261538_281854_14",0,0,0,0,0,0
"scaffold_423_partial_261538_281854_15",0,0,6,1,0,0
"scaffold_423_partial_261538_281854_16",0,3,5,0,0,0
"scaffold_423_partial_261538_281854_17",0,0,14,0,0,0
"scaffold_423_partial_261538_281854_18",0,0,4,0,0,0
"scaffold_423_partial_361778_382727_1",0,0,6,0,0,0
"scaffold_423_partial_361778_382727_2",0,0,5,0,0,0
"scaffold_423_partial_361778_382727_3",2,1,7,0,0,0
"scaffold_423_partial_361778_382727_4",0,0,2,0,0,0
"scaffold_423_partial_361778_382727_5",0,1,15,0,0,0
"scaffold_423_partial_361778_382727_6",0,0,4,0,0,0
"scaffold_423_partial_361778_382727_7",0,0,8,0,0,0
"scaffold_423_partial_361778_382727_8",0,2,10,1,0,0
"scaffold_423_partial_361778_382727_9",0,2,10,1,0,0
"scaffold_423_partial_361778_382727_10",0,3,10,0,0,0
"scaffold_423_partial_361778_382727_11",0,3,12,0,0,0
"scaffold_423_partial_361778_382727_12",0,0,10,0,0,0
"scaffold_423_partial_361778_382727_13",0,1,24,0,0,0
"scaffold_423_partial_361778_382727_14",0,3,2,0,0,0
"scaffold_423_partial_361778_382727_15",0,3,1,0,0,0
"scaffold_423_partial_361778_382727_16",0,0,0,0,0,0
"scaffold_774_partial_22634_45057_1",0,0,6,0,0,0
"scaffold_774_partial_22634_45057_2",0,2,19,0,0,0
"scaffold_774_partial_22634_45057_3",0,0,1,0,0,0
"scaffold_774_partial_22634_45057_4",0,0,10,0,0,0
"scaffold_774_partial_22634_45057_5",0,0,1,0,0,0
"scaffold_774_partial_22634_45057_6",0,1,7,0,0,0
"scaffold_774_partial_22634_45057_7",0,0,6,0,0,0
"scaffold_774_partial_22634_45057_8",0,0,8,0,0,0
"scaffold_774_partial_22634_45057_9",0,0,4,0,0,0
"scaffold_774_partial_22634_45057_10",0,0,2,0,0,0
"scaffold_774_partial_22634_45057_11",0,0,0,0,0,0
"scaffold_774_partial_22634_45057_12",0,5,21,0,0,0
"scaffold_774_partial_22634_45057_13",0,0,1,0,0,0
"scaffold_774_partial_22634_45057_14",0,0,15,0,0,0
"scaffold_774_partial_22634_45057_15",0,0,0,0,0,0
"scaffold_774_partial_22634_45057_16",0,0,3,0,0,0
"scaffold_774_partial_22634_45057_17",0,0,3,0,0,0
"scaffold_774_partial_22634_45057_18",0,2,28,0,2,0
"scaffold_53990_1",0,0,9,0,0,0
"scaffold_5728_1",0,0,6,0,0,0
"scaffold_5728_2",0,0,6,0,0,0
"scaffold_5728_3",0,0,0,0,0,0
"scaffold_5728_4",0,1,9,0,0,0
"scaffold_5728_5",0,1,20,0,0,0
"scaffold_5728_6",0,0,0,0,0,0
"scaffold_5728_7",0,0,0,0,0,0
"scaffold_5728_8",0,0,3,0,0,0
"scaffold_5728_9",0,0,3,0,0,0
"scaffold_5728_10",0,1,1,0,0,0
"scaffold_5728_11",0,0,1,0,0,0
"scaffold_5728_12",0,1,3,0,0,0
"scaffold_5728_13",0,0,0,0,0,0
"scaffold_5728_14",0,0,0,0,0,0
"scaffold_5728_15",0,0,16,0,0,0
"scaffold_5728_16",0,1,2,0,0,0
"scaffold_5728_17",0,0,3,0,0,0
"scaffold_5728_18",0,1,5,0,0,0
"scaffold_5728_19",0,0,7,0,0,0
"scaffold_5728_20",2,8,45,0,0,0
"scaffold_5728_21",0,0,7,0,0,0
"scaffold_5728_22",0,0,0,0,0,0
"scaffold_5728_23",0,0,14,0,0,0
"scaffold_5728_24",0,0,0,0,0,0
"scaffold_5728_25",0,0,0,0,0,0
"scaffold_5728_26",0,0,0,0,0,0
"scaffold_5728_27",0,0,2,0,0,0
"scaffold_566_partial_82025_122606_1",0,0,0,0,0,0
"scaffold_566_partial_82025_122606_2",0,0,7,0,1,0
"scaffold_566_partial_82025_122606_3",0,1,5,0,1,0
"scaffold_566_partial_82025_122606_4",0,2,3,0,0,0
"scaffold_566_partial_82025_122606_5",0,7,28,0,0,0
"scaffold_566_partial_82025_122606_6",0,1,7,0,0,0
"scaffold_566_partial_82025_122606_7",0,0,4,0,0,0
"scaffold_566_partial_82025_122606_8",0,0,10,0,4,0
"scaffold_566_partial_82025_122606_9",0,1,2,0,0,0
"scaffold_566_partial_82025_122606_10",0,0,15,0,0,0
"scaffold_566_partial_82025_122606_11",0,3,12,0,0,0
"scaffold_566_partial_82025_122606_12",0,0,13,0,0,0
"scaffold_566_partial_82025_122606_13",0,2,16,0,0,0
"scaffold_566_partial_82025_122606_14",0,0,14,0,0,0
"scaffold_566_partial_82025_122606_15",0,5,15,0,0,0
"scaffold_566_partial_82025_122606_16",0,0,15,0,0,0
"scaffold_566_partial_82025_122606_17",0,0,0,0,0,0
"scaffold_566_partial_82025_122606_18",0,0,5,0,0,0
"scaffold_566_partial_82025_122606_19",0,1,9,0,0,0
"scaffold_566_partial_82025_122606_20",0,1,40,0,0,6
"scaffold_566_partial_82025_122606_21",0,0,10,0,0,0
"scaffold_566_partial_82025_122606_22",0,0,23,0,0,0
"scaffold_566_partial_82025_122606_23",0,0,2,0,0,0
"scaffold_566_partial_82025_122606_24",0,0,4,0,0,0
"scaffold_566_partial_82025_122606_25",0,0,5,0,0,0
"scaffold_566_partial_82025_122606_26",0,4,4,0,0,0
"scaffold_566_partial_82025_122606_27",0,0,6,0,0,0
"scaffold_566_partial_82025_122606_28",0,0,2,0,0,0
"scaffold_566_partial_82025_122606_29",0,0,6,0,0,0
"scaffold_566_partial_82025_122606_30",0,0,5,0,0,0
"scaffold_566_partial_82025_122606_31",0,2,38,0,2,0
"scaffold_566_partial_143406_163379_1",0,2,15,0,0,2
"scaffold_566_partial_143406_163379_2",0,0,1,0,0,0
"scaffold_566_partial_143406_163379_3",0,0,0,0,0,0
"scaffold_566_partial_143406_163379_4",0,0,0,0,0,0
"scaffold_566_partial_143406_163379_5",0,0,1,0,0,0
"scaffold_566_partial_143406_163379_6",1,1,5,0,0,0
"scaffold_566_partial_143406_163379_7",0,0,0,0,0,0
"scaffold_566_partial_143406_163379_8",1,0,0,0,0,0
"scaffold_566_partial_143406_163379_9",0,0,1,0,0,0
"scaffold_566_partial_143406_163379_10",0,1,4,0,0,0
"scaffold_566_partial_143406_163379_11",1,4,16,0,0,0
"scaffold_566_partial_143406_163379_12",0,3,6,0,0,0
"scaffold_566_partial_143406_163379_13",0,0,2,0,0,0
"scaffold_566_partial_143406_163379_14",2,3,25,2,6,0
"scaffold_566_partial_143406_163379_15",0,0,14,0,1,0
"scaffold_566_partial_143406_163379_16",8,5,11,7,15,23
"scaffold_566_partial_143406_163379_17",1,2,0,0,0,0
"scaffold_566_partial_143406_163379_18",0,0,7,0,0,0
"scaffold_566_partial_143406_163379_19",0,3,5,0,0,0
"scaffold_566_partial_143406_163379_20",0,1,22,0,0,0
"scaffold_566_partial_143406_163379_21",0,0,0,0,0,0
"scaffold_566_partial_204760_245927_1",0,0,1,0,0,0
"scaffold_566_partial_204760_245927_2",1,0,14,1,0,1
"scaffold_566_partial_204760_245927_3",0,0,0,0,0,0
"scaffold_566_partial_204760_245927_4",0,6,23,0,0,1
"scaffold_566_partial_204760_245927_5",0,2,30,0,4,3
"scaffold_566_partial_204760_245927_6",2,3,76,1,5,9
"scaffold_566_partial_204760_245927_7",0,2,4,0,0,0
"scaffold_566_partial_204760_245927_8",0,0,2,0,0,0
"scaffold_566_partial_204760_245927_9",0,2,4,0,0,0
"scaffold_566_partial_204760_245927_10",0,6,11,0,0,0
"scaffold_566_partial_204760_245927_11",0,1,15,0,0,0
"scaffold_566_partial_204760_245927_12",1,0,0,0,0,0
"scaffold_566_partial_204760_245927_13",0,0,8,0,0,0
"scaffold_566_partial_204760_245927_14",0,0,7,0,0,0
"scaffold_566_partial_204760_245927_15",0,0,4,0,0,0
"scaffold_566_partial_204760_245927_16",0,0,4,0,0,0
"scaffold_566_partial_204760_245927_17",0,2,9,0,0,0
"scaffold_566_partial_204760_245927_18",0,3,9,0,0,0
"scaffold_566_partial_204760_245927_19",0,0,0,0,0,0
"scaffold_566_partial_204760_245927_20",0,1,1,0,1,0
"scaffold_566_partial_204760_245927_21",0,0,1,0,0,0
"scaffold_566_partial_204760_245927_22",0,0,0,0,0,0
"scaffold_566_partial_204760_245927_23",0,0,6,0,0,0
"scaffold_566_partial_204760_245927_24",0,3,10,1,0,0
"scaffold_566_partial_204760_245927_25",0,0,4,0,0,0
"scaffold_566_partial_204760_245927_26",0,0,1,0,0,0
"scaffold_566_partial_204760_245927_27",0,1,5,0,0,5
"scaffold_566_partial_204760_245927_28",0,2,2,0,0,0
"scaffold_566_partial_204760_245927_29",1,5,7,0,0,0
"scaffold_566_partial_204760_245927_30",0,1,7,0,1,0
"scaffold_566_partial_204760_245927_31",0,0,1,0,0,0
"scaffold_566_partial_204760_245927_32",0,2,6,0,0,0
"scaffold_513_partial_84495_148073_1",0,1,2,0,0,0
"scaffold_513_partial_84495_148073_2",0,0,5,0,0,0
"scaffold_513_partial_84495_148073_3",0,0,1,0,0,0
"scaffold_513_partial_84495_148073_4",0,0,13,0,0,0
"scaffold_513_partial_84495_148073_5",0,2,6,0,0,0
"scaffold_513_partial_84495_148073_6",0,0,11,0,0,0
"scaffold_513_partial_84495_148073_7",0,0,1,0,0,0
"scaffold_513_partial_84495_148073_8",0,0,5,0,0,0
"scaffold_513_partial_84495_148073_9",0,0,0,0,0,0
"scaffold_513_partial_84495_148073_10",0,0,5,0,0,0
"scaffold_513_partial_84495_148073_11",0,0,4,0,0,0
"scaffold_513_partial_84495_148073_12",0,0,2,0,0,0
"scaffold_513_partial_84495_148073_13",0,4,2,0,0,0
"scaffold_513_partial_84495_148073_14",0,0,5,0,0,0
"scaffold_513_partial_84495_148073_15",0,1,18,0,0,1
"scaffold_513_partial_84495_148073_16",0,0,0,0,0,0
"scaffold_513_partial_84495_148073_17",0,0,3,0,0,0
"scaffold_513_partial_84495_148073_18",0,0,0,0,0,0
"scaffold_513_partial_84495_148073_19",0,0,0,0,0,0
"scaffold_513_partial_84495_148073_20",0,0,13,0,0,0
"scaffold_513_partial_84495_148073_21",0,0,6,0,0,0
"scaffold_513_partial_84495_148073_22",0,0,1,0,0,0
"scaffold_513_partial_84495_148073_23",0,0,0,0,0,0
"scaffold_513_partial_84495_148073_24",0,0,13,0,0,0
"scaffold_513_partial_84495_148073_25",0,0,0,0,0,0
"scaffold_513_partial_84495_148073_26",0,0,5,0,0,0
"scaffold_513_partial_84495_148073_27",0,1,3,0,0,0
"scaffold_513_partial_84495_148073_28",0,0,2,0,0,0
"scaffold_513_partial_84495_148073_29",0,0,2,0,0,0
"scaffold_513_partial_84495_148073_30",0,1,5,0,0,0
"scaffold_513_partial_84495_148073_31",0,0,5,0,0,0
"scaffold_513_partial_84495_148073_32",0,1,2,0,0,0
"scaffold_513_partial_84495_148073_33",0,0,2,0,0,0
"scaffold_513_partial_84495_148073_34",0,0,3,0,0,0
"scaffold_513_partial_84495_148073_35",0,0,4,0,0,0
"scaffold_513_partial_84495_148073_36",0,1,7,0,0,0
"scaffold_513_partial_84495_148073_37",0,0,2,0,0,0
"scaffold_513_partial_84495_148073_38",0,2,2,0,0,0
"scaffold_513_partial_84495_148073_39",0,0,7,0,0,0
"scaffold_513_partial_84495_148073_40",0,2,13,0,1,0
"scaffold_513_partial_84495_148073_41",0,3,8,0,3,0
"scaffold_513_partial_84495_148073_42",0,0,7,0,0,0
"scaffold_513_partial_84495_148073_43",0,1,9,0,0,0
"scaffold_513_partial_84495_148073_44",0,0,11,0,0,0
"scaffold_513_partial_84495_148073_45",0,0,0,0,0,0
"scaffold_513_partial_84495_148073_46",0,1,1,0,0,0
"scaffold_513_partial_84495_148073_47",0,0,7,0,0,0
"scaffold_513_partial_84495_148073_48",0,0,0,0,0,0
"scaffold_513_partial_84495_148073_49",0,0,1,0,0,0
"scaffold_513_partial_84495_148073_50",0,0,2,0,0,0
"scaffold_513_partial_84495_148073_51",0,0,5,0,0,0
"scaffold_513_partial_84495_148073_52",0,0,0,0,0,0
"scaffold_513_partial_84495_148073_53",0,1,4,0,0,0
"scaffold_513_partial_84495_148073_54",0,0,1,0,0,0
"scaffold_513_partial_84495_148073_55",0,0,1,0,0,0
"scaffold_513_partial_84495_148073_56",0,4,9,0,0,0
"scaffold_513_partial_84495_148073_57",0,0,8,0,0,0
"scaffold_513_partial_84495_148073_58",0,0,0,0,0,0
"scaffold_513_partial_84495_148073_59",0,1,13,0,0,0
"scaffold_513_partial_84495_148073_60",0,0,2,0,0,0
"scaffold_513_partial_84495_148073_61",0,0,0,0,0,0
"scaffold_513_partial_84495_148073_62",0,0,0,0,0,0
"scaffold_513_partial_84495_148073_63",0,3,4,0,0,0
"scaffold_513_partial_84495_148073_64",0,0,0,0,0,0
"scaffold_513_partial_84495_148073_65",0,0,0,0,0,0
"scaffold_1686_partial_0_19921_1",0,2,9,0,0,0
"scaffold_1686_partial_0_19921_2",0,0,0,0,0,0
"scaffold_1686_partial_0_19921_3",0,0,2,0,0,0
"scaffold_1686_partial_0_19921_4",0,4,4,0,0,0
"scaffold_1686_partial_0_19921_5",0,0,0,0,0,0
"scaffold_1686_partial_0_19921_6",0,0,0,0,0,0
"scaffold_1686_partial_0_19921_7",0,0,1,0,0,0
"scaffold_1686_partial_0_19921_8",0,0,0,0,0,0
"scaffold_1686_partial_0_19921_9",0,0,1,0,0,0
"scaffold_1686_partial_0_19921_10",0,0,0,0,0,0
"scaffold_1686_partial_0_19921_11",0,4,2,1,0,0
"scaffold_1686_partial_0_19921_12",0,3,5,0,0,0
"scaffold_1686_partial_0_19921_13",0,0,0,0,0,0
"scaffold_1686_partial_0_19921_14",0,0,0,0,0,0
"scaffold_1686_partial_0_19921_15",0,0,0,0,0,0
"scaffold_1686_partial_0_19921_16",0,2,2,0,0,0
"scaffold_1686_partial_0_19921_17",0,0,1,0,0,0
"scaffold_1686_partial_0_19921_18",0,0,6,0,0,0
"scaffold_1686_partial_0_19921_19",0,3,2,0,0,0
"scaffold_1686_partial_0_19921_20",0,0,5,0,0,0
"scaffold_1686_partial_0_19921_21",0,0,3,0,0,0
"scaffold_1686_partial_0_19921_22",0,1,1,0,0,0
"scaffold_1686_partial_0_19921_23",0,1,9,0,0,0
"scaffold_1686_partial_0_19921_24",0,0,0,0,0,0
"scaffold_1686_partial_0_19921_25",0,0,1,0,0,0
"scaffold_1686_partial_0_19921_26",0,0,4,0,0,0
"scaffold_1686_partial_0_19921_27",3,7,8,0,1,0
"scaffold_1686_partial_41177_60934_1",0,0,0,0,0,0
"scaffold_1686_partial_41177_60934_2",0,0,7,0,0,0
"scaffold_1686_partial_41177_60934_3",0,0,5,0,0,0
"scaffold_1686_partial_41177_60934_4",0,0,2,0,0,0
"scaffold_1686_partial_41177_60934_5",0,0,3,0,0,0
"scaffold_1686_partial_41177_60934_6",0,0,4,0,0,0
"scaffold_1686_partial_41177_60934_7",0,0,19,0,0,0
"scaffold_1686_partial_41177_60934_8",0,0,0,0,0,0
"scaffold_1686_partial_41177_60934_9",0,0,1,0,0,0
"scaffold_1686_partial_41177_60934_10",0,0,4,0,0,0
"scaffold_1686_partial_41177_60934_11",0,0,0,0,0,0
"scaffold_1686_partial_41177_60934_12",0,0,1,0,0,0
"scaffold_1686_partial_41177_60934_13",0,3,31,0,2,0
"scaffold_1686_partial_41177_60934_14",0,4,5,0,0,0
"scaffold_1686_partial_41177_60934_15",0,1,7,0,0,0
"scaffold_1686_partial_41177_60934_16",0,0,0,0,0,0
"scaffold_1686_partial_41177_60934_17",0,0,3,0,0,0
"scaffold_1686_partial_41177_60934_18",0,0,3,0,0,0
"scaffold_1686_partial_41177_60934_19",0,0,1,0,0,0
"scaffold_1686_partial_41177_60934_20",0,0,3,0,0,0
"scaffold_1686_partial_41177_60934_21",3,0,3,0,0,0
"scaffold_1686_partial_41177_60934_22",0,0,2,0,0,0
"scaffold_1686_partial_41177_60934_23",0,1,3,0,0,0
"scaffold_1686_partial_41177_60934_24",0,0,12,0,0,0
"scaffold_82172_1",0,0,2,0,0,0
"scaffold_2889_1",0,0,0,0,0,0
"scaffold_2889_2",0,2,8,0,0,0
"scaffold_2889_3",0,4,4,0,0,0
"scaffold_2889_4",0,0,9,0,0,0
"scaffold_2889_5",0,0,3,0,0,0
"scaffold_2889_6",0,0,12,0,0,0
"scaffold_2889_7",0,0,0,0,0,0
"scaffold_2889_8",0,0,7,0,0,0
"scaffold_2889_9",0,0,6,0,0,0
"scaffold_2889_10",1,1,5,0,0,0
"scaffold_2889_11",0,0,2,0,0,0
"scaffold_2889_12",0,3,15,0,0,0
"scaffold_2889_13",3,2,5,0,0,0
"scaffold_2889_14",0,3,14,0,0,1
"scaffold_2889_15",0,1,6,0,1,0
"scaffold_2889_16",1,0,12,0,0,0
"scaffold_2889_17",0,0,16,0,0,0
"scaffold_2889_18",0,0,25,0,0,0
"scaffold_2889_19",0,1,8,0,0,0
"scaffold_2889_20",0,0,4,0,0,0
"scaffold_2889_21",0,4,26,0,1,0
"scaffold_2889_22",0,0,2,0,0,0
"scaffold_2889_23",0,0,0,0,0,0
"scaffold_82185_1",0,0,6,0,0,0
"scaffold_532_partial_42898_63055_1",0,0,2,0,0,0
"scaffold_532_partial_42898_63055_2",0,1,1,0,0,0
"scaffold_532_partial_42898_63055_3",0,4,2,0,0,0
"scaffold_532_partial_42898_63055_4",0,2,2,0,0,0
"scaffold_532_partial_42898_63055_5",0,1,2,0,0,0
"scaffold_532_partial_42898_63055_6",0,0,9,0,0,0
"scaffold_532_partial_42898_63055_7",0,0,1,0,0,0
"scaffold_532_partial_42898_63055_8",0,0,0,0,0,0
"scaffold_532_partial_42898_63055_9",0,0,10,0,0,0
"scaffold_532_partial_42898_63055_10",0,0,4,0,0,0
"scaffold_532_partial_42898_63055_11",0,4,7,0,0,0
"scaffold_532_partial_42898_63055_12",0,0,7,0,0,0
"scaffold_532_partial_42898_63055_13",0,1,5,2,0,0
"scaffold_532_partial_42898_63055_14",0,0,10,0,0,0
"scaffold_532_partial_42898_63055_15",0,6,12,0,0,0
"scaffold_532_partial_42898_63055_16",0,0,1,0,0,0
"scaffold_532_partial_42898_63055_17",0,0,12,0,0,0
"scaffold_532_partial_42898_63055_18",0,0,1,0,0,0
"scaffold_532_partial_42898_63055_19",0,0,0,0,0,0
"scaffold_532_partial_42898_63055_20",0,1,7,0,0,0
"scaffold_532_partial_42898_63055_21",0,0,7,0,0,0
"scaffold_532_partial_42898_63055_22",0,2,11,0,0,0
"scaffold_532_partial_42898_63055_23",0,0,20,0,0,0
"scaffold_532_partial_190535_211150_1",0,6,15,0,1,0
"scaffold_532_partial_190535_211150_2",0,8,25,3,6,2
"scaffold_532_partial_190535_211150_3",0,1,0,0,0,0
"scaffold_532_partial_190535_211150_4",0,0,5,0,0,0
"scaffold_532_partial_190535_211150_5",0,0,6,0,0,0
"scaffold_532_partial_190535_211150_6",0,1,5,0,0,0
"scaffold_532_partial_190535_211150_7",0,0,3,0,0,0
"scaffold_532_partial_190535_211150_8",0,2,6,0,0,0
"scaffold_532_partial_190535_211150_9",1,3,16,0,5,2
"scaffold_532_partial_190535_211150_10",0,1,9,0,1,1
"scaffold_532_partial_190535_211150_11",0,0,15,0,0,0
"scaffold_532_partial_190535_211150_12",0,0,3,0,0,0
"scaffold_532_partial_190535_211150_13",0,1,4,0,0,0
"scaffold_532_partial_190535_211150_14",0,2,6,0,0,0
"scaffold_532_partial_190535_211150_15",0,0,0,0,0,0
"scaffold_532_partial_190535_211150_16",0,0,4,0,0,0
"scaffold_532_partial_253380_274495_1",0,0,2,0,0,0
"scaffold_532_partial_253380_274495_2",1,2,7,0,0,1
"scaffold_532_partial_253380_274495_3",5,0,3,0,0,0
"scaffold_532_partial_253380_274495_4",2,0,0,0,1,1
"scaffold_532_partial_253380_274495_5",6,2,16,6,24,15
"scaffold_532_partial_253380_274495_6",0,0,9,1,3,2
"scaffold_532_partial_253380_274495_7",2,0,25,0,0,0
"scaffold_532_partial_253380_274495_8",0,1,4,0,0,0
"scaffold_532_partial_253380_274495_9",0,1,14,0,2,0
"scaffold_532_partial_253380_274495_10",0,3,10,1,0,0
"scaffold_532_partial_253380_274495_11",0,0,2,0,0,0
"scaffold_532_partial_253380_274495_12",0,0,3,0,0,0
"scaffold_532_partial_253380_274495_13",0,0,12,0,1,0
"scaffold_532_partial_253380_274495_14",0,6,4,0,0,0
"scaffold_532_partial_253380_274495_15",0,0,1,0,0,0
"scaffold_532_partial_253380_274495_16",0,3,11,0,1,1
"scaffold_532_partial_253380_274495_17",1,0,10,1,0,0
"scaffold_532_partial_253380_274495_18",0,0,6,0,0,0
"scaffold_532_partial_253380_274495_19",0,0,9,0,1,0
"scaffold_532_partial_253380_274495_20",0,1,17,1,2,1
"scaffold_532_partial_253380_274495_21",0,1,14,0,1,0
"scaffold_532_partial_253380_274495_22",0,0,2,0,0,0
"scaffold_532_partial_253380_274495_23",0,2,3,0,0,0
"scaffold_532_partial_253380_274495_24",0,4,27,1,1,1
"scaffold_532_partial_253380_274495_25",0,0,7,0,2,0
"scaffold_532_partial_253380_274495_26",0,0,0,0,0,0
"scaffold_532_partial_253380_274495_27",0,0,4,0,0,1
"scaffold_532_partial_253380_274495_28",0,0,20,0,1,0
"scaffold_532_partial_253380_274495_29",0,0,0,0,0,0
"scaffold_168_partial_131271_152545_1",0,0,3,0,0,0
"scaffold_168_partial_131271_152545_2",0,0,1,0,0,0
"scaffold_168_partial_131271_152545_3",0,0,7,0,0,0
"scaffold_168_partial_131271_152545_4",0,0,2,1,0,0
"scaffold_168_partial_131271_152545_5",0,0,6,0,0,0
"scaffold_168_partial_131271_152545_6",4,8,93,1,1,1
"scaffold_168_partial_131271_152545_7",3,27,172,0,9,3
"scaffold_168_partial_131271_152545_8",0,1,7,0,0,0
"scaffold_168_partial_131271_152545_9",0,0,22,2,2,3
"scaffold_168_partial_131271_152545_10",0,0,0,0,0,0
"scaffold_168_partial_131271_152545_11",0,2,3,0,0,0
"scaffold_168_partial_131271_152545_12",0,1,13,0,0,0
"scaffold_168_partial_131271_152545_13",0,2,6,0,0,0
"scaffold_168_partial_131271_152545_14",0,1,2,0,0,0
"scaffold_168_partial_131271_152545_15",0,0,3,0,0,0
"scaffold_168_partial_131271_152545_16",0,2,7,0,0,0
"scaffold_10340_1",0,1,1,0,0,0
"scaffold_10340_2",0,0,11,0,0,0
"scaffold_10340_3",0,8,9,0,0,0
"scaffold_10340_4",0,0,14,0,0,0
"scaffold_10340_5",0,0,0,0,0,0
"scaffold_3202_1",0,2,0,0,0,0
"scaffold_3202_2",0,0,2,0,0,0
"scaffold_3202_3",0,0,11,0,0,0
"scaffold_3202_4",0,0,6,0,0,0
"scaffold_3202_5",0,0,0,0,0,0
"scaffold_3202_6",0,0,1,0,1,0
"scaffold_3202_7",0,0,13,0,0,0
"scaffold_3202_8",1,0,10,0,0,0
"scaffold_3202_9",0,0,9,0,2,0
"scaffold_3202_10",0,1,29,0,0,0
"scaffold_3202_11",0,0,10,0,0,0
"scaffold_3202_12",0,0,1,0,0,0
"scaffold_3202_13",0,0,7,0,0,0
"scaffold_3202_14",0,3,8,0,0,0
"scaffold_3202_15",0,1,3,0,0,0
"scaffold_3202_16",0,0,0,0,0,0
"scaffold_3202_17",0,0,7,0,0,0
"scaffold_3202_18",0,2,2,0,0,0
"scaffold_3202_19",0,0,0,0,0,0
"scaffold_3202_20",0,0,3,0,0,0
"scaffold_3202_21",0,1,1,0,0,0
"scaffold_3202_22",0,0,1,0,0,0
"scaffold_1442_partial_29031_59946_1",0,0,7,0,1,0
"scaffold_1442_partial_29031_59946_2",0,0,0,0,0,0
"scaffold_1442_partial_29031_59946_3",0,1,6,0,0,0
"scaffold_1442_partial_29031_59946_4",5,8,87,0,4,0
"scaffold_1442_partial_29031_59946_5",0,0,3,0,0,0
"scaffold_1442_partial_29031_59946_6",0,0,0,0,0,0
"scaffold_1442_partial_29031_59946_7",0,0,7,0,0,0
"scaffold_1442_partial_29031_59946_8",0,5,8,0,0,0
"scaffold_1442_partial_29031_59946_9",0,0,0,0,0,0
"scaffold_1442_partial_29031_59946_10",0,0,0,0,0,0
"scaffold_1442_partial_29031_59946_11",0,0,2,0,0,0
"scaffold_1442_partial_29031_59946_12",0,0,0,0,0,0
"scaffold_1442_partial_29031_59946_13",0,2,6,0,0,0
"scaffold_1442_partial_29031_59946_14",0,0,1,0,0,0
"scaffold_1442_partial_29031_59946_15",0,0,2,0,0,0
"scaffold_1442_partial_29031_59946_16",0,0,7,0,0,0
"scaffold_1442_partial_29031_59946_17",0,0,2,0,0,0
"scaffold_1442_partial_29031_59946_18",0,4,12,0,0,0
"scaffold_1442_partial_29031_59946_19",0,0,4,0,0,0
"scaffold_1442_partial_29031_59946_20",0,0,0,0,0,0
"scaffold_1442_partial_29031_59946_21",1,2,15,0,1,0
"scaffold_1442_partial_29031_59946_22",0,0,0,0,0,0
"scaffold_1442_partial_29031_59946_23",0,1,13,0,0,0
"scaffold_1442_partial_29031_59946_24",0,0,0,0,0,0
"scaffold_1442_partial_29031_59946_25",0,0,0,0,0,0
"scaffold_536_partial_105608_149080_1",0,0,1,0,0,0
"scaffold_536_partial_105608_149080_2",0,0,3,0,0,0
"scaffold_536_partial_105608_149080_3",0,0,0,0,0,0
"scaffold_536_partial_105608_149080_4",0,0,11,0,0,0
"scaffold_536_partial_105608_149080_5",0,1,1,0,0,0
"scaffold_536_partial_105608_149080_6",0,0,4,0,0,0
"scaffold_536_partial_105608_149080_7",0,0,8,0,0,0
"scaffold_536_partial_105608_149080_8",0,2,20,0,0,0
"scaffold_536_partial_105608_149080_9",0,0,2,0,0,0
"scaffold_536_partial_105608_149080_10",0,0,0,0,0,0
"scaffold_536_partial_105608_149080_11",0,0,19,0,0,0
"scaffold_536_partial_105608_149080_12",0,0,0,0,0,0
"scaffold_536_partial_105608_149080_13",0,0,1,0,0,0
"scaffold_536_partial_105608_149080_14",0,0,7,0,0,0
"scaffold_536_partial_105608_149080_15",0,0,2,0,0,1
"scaffold_536_partial_105608_149080_16",0,0,6,0,0,0
"scaffold_536_partial_105608_149080_17",0,0,2,0,0,0
"scaffold_536_partial_105608_149080_18",0,0,7,0,0,0
"scaffold_536_partial_105608_149080_19",0,4,19,1,0,0
"scaffold_536_partial_105608_149080_20",0,0,5,0,0,0
"scaffold_536_partial_105608_149080_21",0,0,1,0,0,0
"scaffold_536_partial_105608_149080_22",0,0,5,0,0,0
"scaffold_536_partial_105608_149080_23",0,0,7,0,0,0
"scaffold_536_partial_105608_149080_24",0,3,0,0,0,0
"scaffold_536_partial_105608_149080_25",0,8,3,0,0,0
"scaffold_536_partial_105608_149080_26",0,0,0,0,0,0
"scaffold_536_partial_105608_149080_27",0,0,0,0,0,0
"scaffold_536_partial_105608_149080_28",0,0,6,0,0,0
"scaffold_536_partial_105608_149080_29",0,2,25,1,4,0
"scaffold_536_partial_105608_149080_30",0,0,8,0,0,0
"scaffold_536_partial_105608_149080_31",0,0,3,0,0,0
"scaffold_536_partial_105608_149080_32",0,5,16,0,0,0
"scaffold_536_partial_105608_149080_33",0,0,2,0,0,0
"scaffold_536_partial_105608_149080_34",0,0,1,0,0,0
"scaffold_536_partial_105608_149080_35",0,1,10,0,0,0
"scaffold_536_partial_105608_149080_36",0,2,3,0,0,0
"scaffold_536_partial_105608_149080_37",0,0,0,0,0,0
"scaffold_536_partial_105608_149080_38",0,0,8,0,0,0
"scaffold_536_partial_105608_149080_39",0,0,0,0,0,0
"scaffold_536_partial_105608_149080_40",0,5,9,0,0,0
"scaffold_536_partial_105608_149080_41",0,0,7,0,0,0
"scaffold_536_partial_105608_149080_42",0,0,8,0,0,0
"scaffold_536_partial_105608_149080_43",0,1,3,2,0,0
"scaffold_536_partial_105608_149080_44",0,1,3,0,0,0
"scaffold_536_partial_105608_149080_45",0,0,1,0,0,0
"scaffold_536_partial_105608_149080_46",0,0,3,0,0,0
"scaffold_536_partial_105608_149080_47",0,0,1,0,0,0
"scaffold_536_partial_169008_190140_1",1,2,50,0,0,0
"scaffold_536_partial_169008_190140_2",1,0,24,1,2,0
"scaffold_536_partial_169008_190140_3",0,0,2,0,3,0
"scaffold_536_partial_169008_190140_4",0,0,13,0,0,0
"scaffold_536_partial_169008_190140_5",4,8,9,0,1,2
"scaffold_536_partial_169008_190140_6",0,0,1,0,0,0
"scaffold_536_partial_169008_190140_7",0,0,0,0,0,0
"scaffold_536_partial_169008_190140_8",0,0,1,0,0,0
"scaffold_536_partial_169008_190140_9",0,0,0,0,0,0
"scaffold_536_partial_169008_190140_10",15,508,2385,3,14,48
"scaffold_536_partial_169008_190140_11",0,1,11,0,0,1
"scaffold_536_partial_169008_190140_12",0,0,2,0,0,0
"scaffold_536_partial_169008_190140_13",0,0,7,0,0,0
"scaffold_536_partial_169008_190140_14",0,0,20,0,0,3
"scaffold_536_partial_169008_190140_15",0,0,3,0,0,0
"scaffold_536_partial_169008_190140_16",0,3,0,0,0,0
"scaffold_536_partial_169008_190140_17",0,0,9,0,0,0
"scaffold_536_partial_169008_190140_18",0,0,19,0,0,0
"scaffold_536_partial_169008_190140_19",0,0,1,0,0,0
"scaffold_536_partial_169008_190140_20",0,0,15,0,0,0
"scaffold_536_partial_169008_190140_21",0,0,0,0,0,0
"scaffold_536_partial_169008_190140_22",0,0,3,0,0,0
"scaffold_7068_1",0,0,5,0,0,0
"scaffold_7068_2",0,0,0,0,0,0
"scaffold_7068_3",0,0,0,0,0,0
"scaffold_7068_4",0,0,0,0,0,0
"scaffold_7068_5",0,2,9,0,0,0
"scaffold_7068_6",0,0,0,0,0,0
"scaffold_7068_7",0,0,3,0,0,0
"scaffold_7068_8",0,0,3,0,0,0
"scaffold_7068_9",0,0,0,0,0,0
"scaffold_7068_10",0,0,1,0,0,0
"scaffold_7068_11",0,4,4,0,0,0
"scaffold_7068_12",0,1,0,0,0,0
"scaffold_7068_13",0,0,11,0,0,0
"scaffold_7068_14",0,0,9,0,1,0
"scaffold_7068_15",0,0,17,1,0,0
"scaffold_7068_16",0,0,2,0,0,0
"scaffold_3100_1",0,0,19,0,0,0
"scaffold_3100_2",0,2,3,0,0,0
"scaffold_3100_3",0,2,1,0,0,0
"scaffold_3100_4",0,0,19,0,0,0
"scaffold_3100_5",0,1,0,0,0,0
"scaffold_3100_6",0,5,22,0,0,0
"scaffold_3100_7",0,3,7,0,0,0
"scaffold_3100_8",0,0,11,0,0,0
"scaffold_3100_9",0,0,8,0,0,0
"scaffold_3100_10",0,0,25,0,0,0
"scaffold_3100_11",0,0,10,0,0,0
"scaffold_3100_12",0,7,17,0,0,1
"scaffold_3100_13",0,2,6,0,0,0
"scaffold_3100_14",0,2,10,0,0,0
"scaffold_3100_15",0,3,3,0,0,0
"scaffold_3100_16",0,0,8,0,0,0
"scaffold_3100_17",0,2,4,0,0,0
"scaffold_3100_18",0,0,1,0,0,0
"scaffold_3100_19",0,0,2,0,0,0
"scaffold_3100_20",0,0,3,0,0,0
"scaffold_3100_21",0,0,6,0,0,0
"scaffold_3100_22",0,4,5,0,0,0
"scaffold_3100_23",0,0,5,0,0,0
"scaffold_3100_24",0,0,0,0,0,0
"scaffold_3100_25",0,0,2,0,0,0
"scaffold_3100_26",0,2,0,0,0,0
"scaffold_3100_27",0,0,0,0,0,0
"scaffold_3100_28",0,0,14,0,0,0
"scaffold_3100_29",0,1,1,0,0,0
"scaffold_3100_30",0,3,0,0,0,0
"scaffold_3100_31",0,5,9,0,0,0
"scaffold_3100_32",0,0,8,0,0,0
"scaffold_3100_33",0,1,0,0,0,0
"scaffold_3100_34",0,1,6,0,0,0
"scaffold_3100_35",0,1,6,0,0,0
"scaffold_3100_36",0,0,0,0,0,0
"scaffold_3100_37",0,0,0,0,0,0
"scaffold_3100_38",0,0,3,0,0,0
"scaffold_2588_1",0,0,2,0,0,0
"scaffold_2588_2",0,0,0,0,0,0
"scaffold_2588_3",0,0,2,0,0,0
"scaffold_2588_4",0,0,0,0,0,0
"scaffold_2588_5",0,0,11,0,0,0
"scaffold_2588_6",0,2,7,0,0,0
"scaffold_2588_7",0,1,10,0,0,0
"scaffold_2588_8",0,0,1,0,0,0
"scaffold_2588_9",0,0,17,0,0,0
"scaffold_2588_10",0,0,6,0,0,2
"scaffold_2588_11",0,0,0,0,0,0
"scaffold_2588_12",0,1,0,0,0,0
"scaffold_2588_13",0,2,18,0,0,0
"scaffold_2588_14",0,0,0,0,0,0
"scaffold_2588_15",0,2,12,0,0,0
"scaffold_2588_16",0,0,6,0,0,0
"scaffold_2588_17",0,0,0,0,0,0
"scaffold_2588_18",0,0,0,0,0,0
"scaffold_2588_19",0,0,0,0,0,0
"scaffold_2588_20",0,1,4,0,0,0
"scaffold_2588_21",0,0,7,0,0,0
"scaffold_2588_22",0,0,55,0,0,3
"scaffold_2588_23",0,0,3,0,0,0
"scaffold_2588_24",0,2,2,0,0,0
"scaffold_2588_25",0,2,3,0,0,0
"scaffold_2588_26",0,0,7,0,0,0
"*",0,0,0,0,0,0
